{
  "type": "FeatureCollection",
  "features": [
    {
      "id": "0",
      "type": "Feature",
      "properties": {
        "tile_id": 0,
        "average_temperature": 35.9187,
        "min_temperature": 29.1065,
        "max_temperature": 40.4933
      },
      "geometry": {
        "type": "Polygon",
        "coordinates": [
          [
            [
              -112.08533555104822,
              33.439820036651355
            ],
            [
              -112.08426389192117,
              33.43982941177675
            ],
            [
              -112.08427496636035,
              33.44071961522479
            ],
            [
              -112.08534663642786,
              33.44071023978443
            ],
            [
              -112.08533555104822,
              33.439820036651355
            ]
          ]
        ]
      }
    },
    {
      "id": "1",
      "type": "Feature",
      "properties": {
        "tile_id": 1,
        "average_temperature": 35.9125,
        "min_temperature": 29.0938,
        "max_temperature": 40.494
      },
      "geometry": {
        "type": "Polygon",
        "coordinates": [
          [
            [
              -112.08426389192117,
              33.43982941177675
            ],
            [
              -112.08319223229833,
              33.439838777643985
            ],
            [
              -112.08320329579702,
              33.440728981406686
            ],
            [
              -112.08427496636035,
              33.44071961522479
            ],
            [
              -112.08426389192117,
              33.43982941177675
            ]
          ]
        ]
      }
    },
    {
      "id": "2",
      "type": "Feature",
      "properties": {
        "tile_id": 2,
        "average_temperature": 35.9084,
        "min_temperature": 29.0856,
        "max_temperature": 40.4945
      },
      "geometry": {
        "type": "Polygon",
        "coordinates": [
          [
            [
              -112.08319223229833,
              33.439838777643985
            ],
            [
              -112.08212057218017,
              33.43984813425303
            ],
            [
              -112.08213162473835,
              33.44073833833009
            ],
            [
              -112.08320329579702,
              33.440728981406686
            ],
            [
              -112.08319223229833,
              33.439838777643985
            ]
          ]
        ]
      }
    },
    {
      "id": "3",
      "type": "Feature",
      "properties": {
        "tile_id": 3,
        "average_temperature": 35.907,
        "min_temperature": 29.0829,
        "max_temperature": 40.4947
      },
      "geometry": {
        "type": "Polygon",
        "coordinates": [
          [
            [
              -112.08212057218017,
              33.43984813425303
            ],
            [
              -112.08104891156718,
              33.4398574816039
            ],
            [
              -112.08105995318485,
              33.440747685994985
            ],
            [
              -112.08213162473835,
              33.44073833833009
            ],
            [
              -112.08212057218017,
              33.43984813425303
            ]
          ]
        ]
      }
    },
    {
      "id": "4",
      "type": "Feature",
      "properties": {
        "tile_id": 4,
        "average_temperature": 35.9087,
        "min_temperature": 29.0869,
        "max_temperature": 40.4946
      },
      "geometry": {
        "type": "Polygon",
        "coordinates": [
          [
            [
              -112.08104891156718,
              33.4398574816039
            ],
            [
              -112.07997725045986,
              33.439866819696555
            ],
            [
              -112.07998828113699,
              33.440757024401364
            ],
            [
              -112.08105995318485,
              33.440747685994985
            ],
            [
              -112.08104891156718,
              33.4398574816039
            ]
          ]
        ]
      }
    },
    {
      "id": "5",
      "type": "Feature",
      "properties": {
        "tile_id": 5,
        "average_temperature": 35.914,
        "min_temperature": 29.0987,
        "max_temperature": 40.494
      },
      "geometry": {
        "type": "Polygon",
        "coordinates": [
          [
            [
              -112.07997725045986,
              33.439866819696555
            ],
            [
              -112.0789055888587,
              33.43987614853098
            ],
            [
              -112.07891660859526,
              33.440766353549215
            ],
            [
              -112.07998828113699,
              33.440757024401364
            ],
            [
              -112.07997725045986,
              33.439866819696555
            ]
          ]
        ]
      }
    },
    {
      "id": "6",
      "type": "Feature",
      "properties": {
        "tile_id": 6,
        "average_temperature": 35.9235,
        "min_temperature": 29.1194,
        "max_temperature": 40.493
      },
      "geometry": {
        "type": "Polygon",
        "coordinates": [
          [
            [
              -112.0789055888587,
              33.43987614853098
            ],
            [
              -112.07783392676417,
              33.439885468107185
            ],
            [
              -112.07784493556017,
              33.44077567343851
            ],
            [
              -112.07891660859526,
              33.440766353549215
            ],
            [
              -112.0789055888587,
              33.43987614853098
            ]
          ]
        ]
      }
    },
    {
      "id": "7",
      "type": "Feature",
      "properties": {
        "tile_id": 7,
        "average_temperature": 35.9378,
        "min_temperature": 29.1502,
        "max_temperature": 40.4914
      },
      "geometry": {
        "type": "Polygon",
        "coordinates": [
          [
            [
              -112.07783392676417,
              33.439885468107185
            ],
            [
              -112.07676226417679,
              33.43989477842513
            ],
            [
              -112.07677326203216,
              33.44078498406926
            ],
            [
              -112.07784493556017,
              33.44077567343851
            ],
            [
              -112.07783392676417,
              33.439885468107185
            ]
          ]
        ]
      }
    },
    {
      "id": "8",
      "type": "Feature",
      "properties": {
        "tile_id": 8,
        "average_temperature": 35.9573,
        "min_temperature": 29.1918,
        "max_temperature": 40.4893
      },
      "geometry": {
        "type": "Polygon",
        "coordinates": [
          [
            [
              -112.07676226417679,
              33.43989477842513
            ],
            [
              -112.07569060109704,
              33.43990407948482
            ],
            [
              -112.07570158801178,
              33.44079428544143
            ],
            [
              -112.07677326203216,
              33.44078498406926
            ],
            [
              -112.07676226417679,
              33.43989477842513
            ]
          ]
        ]
      }
    },
    {
      "id": "9",
      "type": "Feature",
      "properties": {
        "tile_id": 9,
        "average_temperature": 35.9813,
        "min_temperature": 29.2432,
        "max_temperature": 40.4866
      },
      "geometry": {
        "type": "Polygon",
        "coordinates": [
          [
            [
              -112.07569060109704,
              33.43990407948482
            ],
            [
              -112.07461893752537,
              33.439913371286224
            ],
            [
              -112.07462991349948,
              33.44080357755501
            ],
            [
              -112.07570158801178,
              33.44079428544143
            ],
            [
              -112.07569060109704,
              33.43990407948482
            ]
          ]
        ]
      }
    },
    {
      "id": "10",
      "type": "Feature",
      "properties": {
        "tile_id": 10,
        "average_temperature": 36.0089,
        "min_temperature": 29.3021,
        "max_temperature": 40.4835
      },
      "geometry": {
        "type": "Polygon",
        "coordinates": [
          [
            [
              -112.07461893752537,
              33.439913371286224
            ],
            [
              -112.07354727346232,
              33.43992265382934
            ],
            [
              -112.07355823849576,
              33.44081286040998
            ],
            [
              -112.07462991349948,
              33.44080357755501
            ],
            [
              -112.07461893752537,
              33.439913371286224
            ]
          ]
        ]
      }
    },
    {
      "id": "11",
      "type": "Feature",
      "properties": {
        "tile_id": 11,
        "average_temperature": 36.039,
        "min_temperature": 29.3663,
        "max_temperature": 40.4802
      },
      "geometry": {
        "type": "Polygon",
        "coordinates": [
          [
            [
              -112.07354727346232,
              33.43992265382934
            ],
            [
              -112.07247560890838,
              33.439931927114145
            ],
            [
              -112.07248656300112,
              33.44082213400634
            ],
            [
              -112.07355823849576,
              33.44081286040998
            ],
            [
              -112.07354727346232,
              33.43992265382934
            ]
          ]
        ]
      }
    },
    {
      "id": "12",
      "type": "Feature",
      "properties": {
        "tile_id": 12,
        "average_temperature": 36.0706,
        "min_temperature": 29.4336,
        "max_temperature": 40.4767
      },
      "geometry": {
        "type": "Polygon",
        "coordinates": [
          [
            [
              -112.07247560890838,
              33.439931927114145
            ],
            [
              -112.071403943864,
              33.43994119114064
            ],
            [
              -112.07141488701605,
              33.44083139834406
            ],
            [
              -112.07248656300112,
              33.44082213400634
            ],
            [
              -112.07247560890838,
              33.439931927114145
            ]
          ]
        ]
      }
    },
    {
      "id": "13",
      "type": "Feature",
      "properties": {
        "tile_id": 13,
        "average_temperature": 36.1026,
        "min_temperature": 29.5018,
        "max_temperature": 40.4731
      },
      "geometry": {
        "type": "Polygon",
        "coordinates": [
          [
            [
              -112.071403943864,
              33.43994119114064
            ],
            [
              -112.0703322783297,
              33.43995044590879
            ],
            [
              -112.07034321054101,
              33.440840653423145
            ],
            [
              -112.07141488701605,
              33.44083139834406
            ],
            [
              -112.071403943864,
              33.43994119114064
            ]
          ]
        ]
      }
    },
    {
      "id": "14",
      "type": "Feature",
      "properties": {
        "tile_id": 14,
        "average_temperature": 36.134,
        "min_temperature": 29.5686,
        "max_temperature": 40.4697
      },
      "geometry": {
        "type": "Polygon",
        "coordinates": [
          [
            [
              -112.0703322783297,
              33.43995044590879
            ],
            [
              -112.06926061230597,
              33.4399596914186
            ],
            [
              -112.06927153357653,
              33.44084989924355
            ],
            [
              -112.07034321054101,
              33.440840653423145
            ],
            [
              -112.0703322783297,
              33.43995044590879
            ]
          ]
        ]
      }
    },
    {
      "id": "15",
      "type": "Feature",
      "properties": {
        "tile_id": 15,
        "average_temperature": 36.1636,
        "min_temperature": 29.6318,
        "max_temperature": 40.4664
      },
      "geometry": {
        "type": "Polygon",
        "coordinates": [
          [
            [
              -112.06926061230597,
              33.4399596914186
            ],
            [
              -112.06818894579328,
              33.43996892767004
            ],
            [
              -112.06819985612307,
              33.440859135805304
            ],
            [
              -112.06927153357653,
              33.44084989924355
            ],
            [
              -112.06926061230597,
              33.4399596914186
            ]
          ]
        ]
      }
    },
    {
      "id": "16",
      "type": "Feature",
      "properties": {
        "tile_id": 16,
        "average_temperature": 36.1906,
        "min_temperature": 29.6892,
        "max_temperature": 40.4634
      },
      "geometry": {
        "type": "Polygon",
        "coordinates": [
          [
            [
              -112.06818894579328,
              33.43996892767004
            ],
            [
              -112.06711727879214,
              33.4399781546631
            ],
            [
              -112.06712817818114,
              33.440868363108365
            ],
            [
              -112.06819985612307,
              33.440859135805304
            ],
            [
              -112.06818894579328,
              33.43996892767004
            ]
          ]
        ]
      }
    },
    {
      "id": "17",
      "type": "Feature",
      "properties": {
        "tile_id": 17,
        "average_temperature": 36.2137,
        "min_temperature": 29.7385,
        "max_temperature": 40.4608
      },
      "geometry": {
        "type": "Polygon",
        "coordinates": [
          [
            [
              -112.06711727879214,
              33.4399781546631
            ],
            [
              -112.06604561130302,
              33.439987372397766
            ],
            [
              -112.06605649975123,
              33.44087758115271
            ],
            [
              -112.06712817818114,
              33.440868363108365
            ],
            [
              -112.06711727879214,
              33.4399781546631
            ]
          ]
        ]
      }
    },
    {
      "id": "18",
      "type": "Feature",
      "properties": {
        "tile_id": 18,
        "average_temperature": 36.232,
        "min_temperature": 29.7776,
        "max_temperature": 40.4588
      },
      "geometry": {
        "type": "Polygon",
        "coordinates": [
          [
            [
              -112.06604561130302,
              33.439987372397766
            ],
            [
              -112.06497394332644,
              33.43999658087404
            ],
            [
              -112.06498482083379,
              33.440886789938354
            ],
            [
              -112.06605649975123,
              33.44087758115271
            ],
            [
              -112.06604561130302,
              33.439987372397766
            ]
          ]
        ]
      }
    },
    {
      "id": "19",
      "type": "Feature",
      "properties": {
        "tile_id": 19,
        "average_temperature": 35.9158,
        "min_temperature": 29.1065,
        "max_temperature": 40.4942
      },
      "geometry": {
        "type": "Polygon",
        "coordinates": [
          [
            [
              -112.08534663642786,
              33.44071023978443
            ],
            [
              -112.08427496636035,
              33.4407196152248
            ],
            [
              -112.08428604128629,
              33.44160981854161
            ],
            [
              -112.08535772229473,
              33.44160044278626
            ],
            [
              -112.08534663642786,
              33.44071023978443
            ]
          ]
        ]
      }
    },
    {
      "id": "20",
      "type": "Feature",
      "properties": {
        "tile_id": 20,
        "average_temperature": 35.9096,
        "min_temperature": 29.0938,
        "max_temperature": 40.4949
      },
      "geometry": {
        "type": "Polygon",
        "coordinates": [
          [
            [
              -112.08427496636035,
              33.4407196152248
            ],
            [
              -112.08320329579702,
              33.440728981406686
            ],
            [
              -112.08321435978199,
              33.44161918503816
            ],
            [
              -112.08428604128629,
              33.44160981854161
            ],
            [
              -112.08427496636035,
              33.4407196152248
            ]
          ]
        ]
      }
    },
    {
      "id": "21",
      "type": "Feature",
      "properties": {
        "tile_id": 21,
        "average_temperature": 35.9055,
        "min_temperature": 29.0855,
        "max_temperature": 40.4953
      },
      "geometry": {
        "type": "Polygon",
        "coordinates": [
          [
            [
              -112.08320329579702,
              33.440728981406686
            ],
            [
              -112.08213162473835,
              33.44073833833009
            ],
            [
              -112.08214267778234,
              33.441628542275915
            ],
            [
              -112.08321435978199,
              33.44161918503816
            ],
            [
              -112.08320329579702,
              33.440728981406686
            ]
          ]
        ]
      }
    },
    {
      "id": "22",
      "type": "Feature",
      "properties": {
        "tile_id": 22,
        "average_temperature": 35.9041,
        "min_temperature": 29.0828,
        "max_temperature": 40.4955
      },
      "geometry": {
        "type": "Polygon",
        "coordinates": [
          [
            [
              -112.08213162473835,
              33.44073833833009
            ],
            [
              -112.08105995318485,
              33.44074768599499
            ],
            [
              -112.08107099528783,
              33.44163789025485
            ],
            [
              -112.08214267778234,
              33.441628542275915
            ],
            [
              -112.08213162473835,
              33.44073833833009
            ]
          ]
        ]
      }
    },
    {
      "id": "23",
      "type": "Feature",
      "properties": {
        "tile_id": 23,
        "average_temperature": 35.9058,
        "min_temperature": 29.0868,
        "max_temperature": 40.4953
      },
      "geometry": {
        "type": "Polygon",
        "coordinates": [
          [
            [
              -112.08105995318485,
              33.44074768599499
            ],
            [
              -112.07998828113699,
              33.440757024401364
            ],
            [
              -112.07999931229894,
              33.441647228974965
            ],
            [
              -112.08107099528783,
              33.44163789025485
            ],
            [
              -112.08105995318485,
              33.44074768599499
            ]
          ]
        ]
      }
    },
    {
      "id": "24",
      "type": "Feature",
      "properties": {
        "tile_id": 24,
        "average_temperature": 35.9112,
        "min_temperature": 29.0985,
        "max_temperature": 40.4947
      },
      "geometry": {
        "type": "Polygon",
        "coordinates": [
          [
            [
              -112.07998828113699,
              33.440757024401364
            ],
            [
              -112.07891660859526,
              33.44076635354922
            ],
            [
              -112.07892762881616,
              33.44165655843624
            ],
            [
              -112.07999931229894,
              33.441647228974965
            ],
            [
              -112.07998828113699,
              33.440757024401364
            ]
          ]
        ]
      }
    },
    {
      "id": "25",
      "type": "Feature",
      "properties": {
        "tile_id": 25,
        "average_temperature": 35.9208,
        "min_temperature": 29.1191,
        "max_temperature": 40.4937
      },
      "geometry": {
        "type": "Polygon",
        "coordinates": [
          [
            [
              -112.07891660859526,
              33.44076635354922
            ],
            [
              -112.07784493556017,
              33.440775673438516
            ],
            [
              -112.07785594484,
              33.44166587863865
            ],
            [
              -112.07892762881616,
              33.44165655843624
            ],
            [
              -112.07891660859526,
              33.44076635354922
            ]
          ]
        ]
      }
    },
    {
      "id": "26",
      "type": "Feature",
      "properties": {
        "tile_id": 26,
        "average_temperature": 35.9352,
        "min_temperature": 29.1497,
        "max_temperature": 40.4921
      },
      "geometry": {
        "type": "Polygon",
        "coordinates": [
          [
            [
              -112.07784493556017,
              33.440775673438516
            ],
            [
              -112.07677326203216,
              33.44078498406927
            ],
            [
              -112.07678426037093,
              33.44167518958219
            ],
            [
              -112.07785594484,
              33.44166587863865
            ],
            [
              -112.07784493556017,
              33.440775673438516
            ]
          ]
        ]
      }
    },
    {
      "id": "27",
      "type": "Feature",
      "properties": {
        "tile_id": 27,
        "average_temperature": 35.9547,
        "min_temperature": 29.1912,
        "max_temperature": 40.4899
      },
      "geometry": {
        "type": "Polygon",
        "coordinates": [
          [
            [
              -112.07677326203216,
              33.44078498406927
            ],
            [
              -112.07570158801178,
              33.440794285441434
            ],
            [
              -112.07571257540941,
              33.44168449126685
            ],
            [
              -112.07678426037093,
              33.44167518958219
            ],
            [
              -112.07677326203216,
              33.44078498406927
            ]
          ]
        ]
      }
    },
    {
      "id": "28",
      "type": "Feature",
      "properties": {
        "tile_id": 28,
        "average_temperature": 35.9789,
        "min_temperature": 29.2425,
        "max_temperature": 40.4872
      },
      "geometry": {
        "type": "Polygon",
        "coordinates": [
          [
            [
              -112.07570158801178,
              33.440794285441434
            ],
            [
              -112.07462991349948,
              33.44080357755501
            ],
            [
              -112.074640889956,
              33.44169378369261
            ],
            [
              -112.07571257540941,
              33.44168449126685
            ],
            [
              -112.07570158801178,
              33.440794285441434
            ]
          ]
        ]
      }
    },
    {
      "id": "29",
      "type": "Feature",
      "properties": {
        "tile_id": 29,
        "average_temperature": 36.0067,
        "min_temperature": 29.3014,
        "max_temperature": 40.4841
      },
      "geometry": {
        "type": "Polygon",
        "coordinates": [
          [
            [
              -112.07462991349948,
              33.44080357755501
            ],
            [
              -112.07355823849576,
              33.440812860409984
            ],
            [
              -112.07356920401114,
              33.44170306685944
            ],
            [
              -112.074640889956,
              33.44169378369261
            ],
            [
              -112.07462991349948,
              33.44080357755501
            ]
          ]
        ]
      }
    },
    {
      "id": "30",
      "type": "Feature",
      "properties": {
        "tile_id": 30,
        "average_temperature": 36.037,
        "min_temperature": 29.3655,
        "max_temperature": 40.4807
      },
      "geometry": {
        "type": "Polygon",
        "coordinates": [
          [
            [
              -112.07355823849576,
              33.440812860409984
            ],
            [
              -112.07248656300112,
              33.440822134006346
            ],
            [
              -112.07249751757533,
              33.44171234076737
            ],
            [
              -112.07356920401114,
              33.44170306685944
            ],
            [
              -112.07355823849576,
              33.440812860409984
            ]
          ]
        ]
      }
    },
    {
      "id": "31",
      "type": "Feature",
      "properties": {
        "tile_id": 31,
        "average_temperature": 36.0689,
        "min_temperature": 29.4328,
        "max_temperature": 40.4771
      },
      "geometry": {
        "type": "Polygon",
        "coordinates": [
          [
            [
              -112.07248656300112,
              33.440822134006346
            ],
            [
              -112.07141488701605,
              33.440831398344066
            ],
            [
              -112.07142583064906,
              33.441721605416326
            ],
            [
              -112.07249751757533,
              33.44171234076737
            ],
            [
              -112.07248656300112,
              33.440822134006346
            ]
          ]
        ]
      }
    },
    {
      "id": "32",
      "type": "Feature",
      "properties": {
        "tile_id": 32,
        "average_temperature": 36.1011,
        "min_temperature": 29.501,
        "max_temperature": 40.4735
      },
      "geometry": {
        "type": "Polygon",
        "coordinates": [
          [
            [
              -112.07141488701605,
              33.440831398344066
            ],
            [
              -112.07034321054101,
              33.44084065342315
            ],
            [
              -112.07035414323283,
              33.441730860806345
            ],
            [
              -112.07142583064906,
              33.441721605416326
            ],
            [
              -112.07141488701605,
              33.440831398344066
            ]
          ]
        ]
      }
    },
    {
      "id": "33",
      "type": "Feature",
      "properties": {
        "tile_id": 33,
        "average_temperature": 36.1327,
        "min_temperature": 29.5678,
        "max_temperature": 40.4699
      },
      "geometry": {
        "type": "Polygon",
        "coordinates": [
          [
            [
              -112.07034321054101,
              33.44084065342315
            ],
            [
              -112.06927153357653,
              33.44084989924356
            ],
            [
              -112.06928245532711,
              33.44174010693739
            ],
            [
              -112.07035414323283,
              33.441730860806345
            ],
            [
              -112.07034321054101,
              33.44084065342315
            ]
          ]
        ]
      }
    },
    {
      "id": "34",
      "type": "Feature",
      "properties": {
        "tile_id": 34,
        "average_temperature": 36.1627,
        "min_temperature": 29.6311,
        "max_temperature": 40.4666
      },
      "geometry": {
        "type": "Polygon",
        "coordinates": [
          [
            [
              -112.06927153357653,
              33.44084989924356
            ],
            [
              -112.06819985612307,
              33.44085913580531
            ],
            [
              -112.06821076693241,
              33.44174934380944
            ],
            [
              -112.06928245532711,
              33.44174010693739
            ],
            [
              -112.06927153357653,
              33.44084989924356
            ]
          ]
        ]
      }
    },
    {
      "id": "35",
      "type": "Feature",
      "properties": {
        "tile_id": 35,
        "average_temperature": 36.1898,
        "min_temperature": 29.6885,
        "max_temperature": 40.4636
      },
      "geometry": {
        "type": "Polygon",
        "coordinates": [
          [
            [
              -112.06819985612307,
              33.44085913580531
            ],
            [
              -112.06712817818114,
              33.44086836310837
            ],
            [
              -112.06713907804921,
              33.4417585714225
            ],
            [
              -112.06821076693241,
              33.44174934380944
            ],
            [
              -112.06819985612307,
              33.44085913580531
            ]
          ]
        ]
      }
    },
    {
      "id": "36",
      "type": "Feature",
      "properties": {
        "tile_id": 36,
        "average_temperature": 36.2132,
        "min_temperature": 29.738,
        "max_temperature": 40.4609
      },
      "geometry": {
        "type": "Polygon",
        "coordinates": [
          [
            [
              -112.06712817818114,
              33.44086836310837
            ],
            [
              -112.06605649975123,
              33.440877581152726
            ],
            [
              -112.066067388678,
              33.44176778977655
            ],
            [
              -112.06713907804921,
              33.4417585714225
            ],
            [
              -112.06712817818114,
              33.44086836310837
            ]
          ]
        ]
      }
    },
    {
      "id": "37",
      "type": "Feature",
      "properties": {
        "tile_id": 37,
        "average_temperature": 36.2317,
        "min_temperature": 29.7772,
        "max_temperature": 40.4589
      },
      "geometry": {
        "type": "Polygon",
        "coordinates": [
          [
            [
              -112.06605649975123,
              33.440877581152726
            ],
            [
              -112.06498482083379,
              33.44088678993837
            ],
            [
              -112.06499569881926,
              33.44177699887156
            ],
            [
              -112.066067388678,
              33.44176778977655
            ],
            [
              -112.06605649975123,
              33.440877581152726
            ]
          ]
        ]
      }
    },
    {
      "id": "38",
      "type": "Feature",
      "properties": {
        "tile_id": 38,
        "average_temperature": 35.9138,
        "min_temperature": 29.1066,
        "max_temperature": 40.4948
      },
      "geometry": {
        "type": "Polygon",
        "coordinates": [
          [
            [
              -112.08535772229473,
              33.441600442786275
            ],
            [
              -112.08428604128629,
              33.441609818541615
            ],
            [
              -112.08429711669899,
              33.44250002172717
            ],
            [
              -112.08536880864885,
              33.44249064565685
            ],
            [
              -112.08535772229473,
              33.441600442786275
            ]
          ]
        ]
      }
    },
    {
      "id": "39",
      "type": "Feature",
      "properties": {
        "tile_id": 39,
        "average_temperature": 35.9077,
        "min_temperature": 29.0939,
        "max_temperature": 40.4955
      },
      "geometry": {
        "type": "Polygon",
        "coordinates": [
          [
            [
              -112.08428604128629,
              33.441609818541615
            ],
            [
              -112.08321435978199,
              33.441619185038164
            ],
            [
              -112.08322542425326,
              33.4425093885384
            ],
            [
              -112.08429711669899,
              33.44250002172717
            ],
            [
              -112.08428604128629,
              33.441609818541615
            ]
          ]
        ]
      }
    },
    {
      "id": "40",
      "type": "Feature",
      "properties": {
        "tile_id": 40,
        "average_temperature": 35.9036,
        "min_temperature": 29.0855,
        "max_temperature": 40.4959
      },
      "geometry": {
        "type": "Polygon",
        "coordinates": [
          [
            [
              -112.08321435978199,
              33.441619185038164
            ],
            [
              -112.08214267778234,
              33.441628542275915
            ],
            [
              -112.08215373131215,
              33.44251874609052
            ],
            [
              -112.08322542425326,
              33.4425093885384
            ],
            [
              -112.08321435978199,
              33.441619185038164
            ]
          ]
        ]
      }
    },
    {
      "id": "41",
      "type": "Feature",
      "properties": {
        "tile_id": 41,
        "average_temperature": 35.9022,
        "min_temperature": 29.0827,
        "max_temperature": 40.496
      },
      "geometry": {
        "type": "Polygon",
        "coordinates": [
          [
            [
              -112.08214267778234,
              33.441628542275915
            ],
            [
              -112.08107099528783,
              33.44163789025486
            ],
            [
              -112.08108203787614,
              33.442528094383505
            ],
            [
              -112.08215373131215,
              33.44251874609052
            ],
            [
              -112.08214267778234,
              33.441628542275915
            ]
          ]
        ]
      }
    },
    {
      "id": "42",
      "type": "Feature",
      "properties": {
        "tile_id": 42,
        "average_temperature": 35.9039,
        "min_temperature": 29.0866,
        "max_temperature": 40.4958
      },
      "geometry": {
        "type": "Polygon",
        "coordinates": [
          [
            [
              -112.08107099528783,
              33.44163789025486
            ],
            [
              -112.07999931229894,
              33.44164722897497
            ],
            [
              -112.08001034394574,
              33.442537433417364
            ],
            [
              -112.08108203787614,
              33.442528094383505
            ],
            [
              -112.08107099528783,
              33.44163789025486
            ]
          ]
        ]
      }
    },
    {
      "id": "43",
      "type": "Feature",
      "properties": {
        "tile_id": 43,
        "average_temperature": 35.9093,
        "min_temperature": 29.0982,
        "max_temperature": 40.4952
      },
      "geometry": {
        "type": "Polygon",
        "coordinates": [
          [
            [
              -112.07999931229894,
              33.44164722897497
            ],
            [
              -112.07892762881616,
              33.44165655843624
            ],
            [
              -112.07893864952145,
              33.442546763192055
            ],
            [
              -112.08001034394576,
              33.442537433417364
            ],
            [
              -112.07999931229894,
              33.44164722897497
            ]
          ]
        ]
      }
    },
    {
      "id": "44",
      "type": "Feature",
      "properties": {
        "tile_id": 44,
        "average_temperature": 35.919,
        "min_temperature": 29.1187,
        "max_temperature": 40.4941
      },
      "geometry": {
        "type": "Polygon",
        "coordinates": [
          [
            [
              -112.07892762881617,
              33.44165655843624
            ],
            [
              -112.07785594484,
              33.44166587863866
            ],
            [
              -112.07786695460373,
              33.442556083707586
            ],
            [
              -112.07893864952145,
              33.442546763192055
            ],
            [
              -112.07892762881617,
              33.44165655843624
            ]
          ]
        ]
      }
    },
    {
      "id": "45",
      "type": "Feature",
      "properties": {
        "tile_id": 45,
        "average_temperature": 35.9334,
        "min_temperature": 29.1493,
        "max_temperature": 40.4925
      },
      "geometry": {
        "type": "Polygon",
        "coordinates": [
          [
            [
              -112.07785594484,
              33.44166587863866
            ],
            [
              -112.07678426037093,
              33.4416751895822
            ],
            [
              -112.07679525919308,
              33.44256539496393
            ],
            [
              -112.07786695460373,
              33.442556083707586
            ],
            [
              -112.07785594484,
              33.44166587863866
            ]
          ]
        ]
      }
    },
    {
      "id": "46",
      "type": "Feature",
      "properties": {
        "tile_id": 46,
        "average_temperature": 35.953,
        "min_temperature": 29.1907,
        "max_temperature": 40.4903
      },
      "geometry": {
        "type": "Polygon",
        "coordinates": [
          [
            [
              -112.07678426037093,
              33.4416751895822
            ],
            [
              -112.07571257540941,
              33.44168449126686
            ],
            [
              -112.07572356329001,
              33.44257469696109
            ],
            [
              -112.07679525919309,
              33.44256539496393
            ],
            [
              -112.07678426037093,
              33.4416751895822
            ]
          ]
        ]
      }
    },
    {
      "id": "47",
      "type": "Feature",
      "properties": {
        "tile_id": 47,
        "average_temperature": 35.9773,
        "min_temperature": 29.2419,
        "max_temperature": 40.4875
      },
      "geometry": {
        "type": "Polygon",
        "coordinates": [
          [
            [
              -112.07571257540941,
              33.44168449126686
            ],
            [
              -112.074640889956,
              33.441693783692614
            ],
            [
              -112.07465186689497,
              33.44258398969903
            ],
            [
              -112.07572356329001,
              33.44257469696109
            ],
            [
              -112.07571257540941,
              33.44168449126686
            ]
          ]
        ]
      }
    },
    {
      "id": "48",
      "type": "Feature",
      "properties": {
        "tile_id": 48,
        "average_temperature": 36.0052,
        "min_temperature": 29.3007,
        "max_temperature": 40.4844
      },
      "geometry": {
        "type": "Polygon",
        "coordinates": [
          [
            [
              -112.074640889956,
              33.441693783692614
            ],
            [
              -112.07356920401114,
              33.44170306685945
            ],
            [
              -112.07358017000848,
              33.442593273177735
            ],
            [
              -112.07465186689498,
              33.44258398969903
            ],
            [
              -112.074640889956,
              33.441693783692614
            ]
          ]
        ]
      }
    },
    {
      "id": "49",
      "type": "Feature",
      "properties": {
        "tile_id": 49,
        "average_temperature": 36.0357,
        "min_temperature": 29.3648,
        "max_temperature": 40.481
      },
      "geometry": {
        "type": "Polygon",
        "coordinates": [
          [
            [
              -112.07356920401114,
              33.44170306685945
            ],
            [
              -112.07249751757533,
              33.44171234076737
            ],
            [
              -112.07250847263103,
              33.442602547397215
            ],
            [
              -112.07358017000848,
              33.442593273177735
            ],
            [
              -112.07356920401114,
              33.44170306685945
            ]
          ]
        ]
      }
    },
    {
      "id": "50",
      "type": "Feature",
      "properties": {
        "tile_id": 50,
        "average_temperature": 36.0676,
        "min_temperature": 29.4321,
        "max_temperature": 40.4774
      },
      "geometry": {
        "type": "Polygon",
        "coordinates": [
          [
            [
              -112.07249751757533,
              33.44171234076737
            ],
            [
              -112.07142583064906,
              33.44172160541633
            ],
            [
              -112.07143677476309,
              33.442611812357434
            ],
            [
              -112.07250847263103,
              33.442602547397215
            ],
            [
              -112.07249751757533,
              33.44171234076737
            ]
          ]
        ]
      }
    },
    {
      "id": "51",
      "type": "Feature",
      "properties": {
        "tile_id": 51,
        "average_temperature": 36.1,
        "min_temperature": 29.5003,
        "max_temperature": 40.4737
      },
      "geometry": {
        "type": "Polygon",
        "coordinates": [
          [
            [
              -112.07142583064906,
              33.44172160541633
            ],
            [
              -112.07035414323283,
              33.44173086080635
            ],
            [
              -112.07036507640517,
              33.44262106805838
            ],
            [
              -112.07143677476309,
              33.442611812357434
            ],
            [
              -112.07142583064906,
              33.44172160541633
            ]
          ]
        ]
      }
    },
    {
      "id": "52",
      "type": "Feature",
      "properties": {
        "tile_id": 52,
        "average_temperature": 36.1318,
        "min_temperature": 29.5671,
        "max_temperature": 40.4701
      },
      "geometry": {
        "type": "Polygon",
        "coordinates": [
          [
            [
              -112.07035414323283,
              33.44173086080635
            ],
            [
              -112.06928245532711,
              33.441740106937395
            ],
            [
              -112.06929337755774,
              33.44263031450005
            ],
            [
              -112.07036507640517,
              33.44262106805838
            ],
            [
              -112.07035414323283,
              33.44173086080635
            ]
          ]
        ]
      }
    },
    {
      "id": "53",
      "type": "Feature",
      "properties": {
        "tile_id": 53,
        "average_temperature": 36.1619,
        "min_temperature": 29.6304,
        "max_temperature": 40.4668
      },
      "geometry": {
        "type": "Polygon",
        "coordinates": [
          [
            [
              -112.06928245532711,
              33.441740106937395
            ],
            [
              -112.06821076693241,
              33.44174934380945
            ],
            [
              -112.0682216782213,
              33.442639551682426
            ],
            [
              -112.06929337755774,
              33.44263031450005
            ],
            [
              -112.06928245532711,
              33.441740106937395
            ]
          ]
        ]
      }
    },
    {
      "id": "54",
      "type": "Feature",
      "properties": {
        "tile_id": 54,
        "average_temperature": 36.1892,
        "min_temperature": 29.6879,
        "max_temperature": 40.4637
      },
      "geometry": {
        "type": "Polygon",
        "coordinates": [
          [
            [
              -112.06821076693241,
              33.44174934380945
            ],
            [
              -112.06713907804921,
              33.44175857142251
            ],
            [
              -112.06714997839636,
              33.44264877960549
            ],
            [
              -112.0682216782213,
              33.442639551682426
            ],
            [
              -112.06821076693241,
              33.44174934380945
            ]
          ]
        ]
      }
    },
    {
      "id": "55",
      "type": "Feature",
      "properties": {
        "tile_id": 55,
        "average_temperature": 36.2127,
        "min_temperature": 29.7374,
        "max_temperature": 40.461
      },
      "geometry": {
        "type": "Polygon",
        "coordinates": [
          [
            [
              -112.06713907804921,
              33.44175857142251
            ],
            [
              -112.066067388678,
              33.441767789776556
            ],
            [
              -112.06607827808337,
              33.44265799826924
            ],
            [
              -112.06714997839636,
              33.44264877960549
            ],
            [
              -112.06713907804921,
              33.44175857142251
            ]
          ]
        ]
      }
    },
    {
      "id": "56",
      "type": "Feature",
      "properties": {
        "tile_id": 56,
        "average_temperature": 36.2314,
        "min_temperature": 29.7768,
        "max_temperature": 40.4589
      },
      "geometry": {
        "type": "Polygon",
        "coordinates": [
          [
            [
              -112.066067388678,
              33.441767789776556
            ],
            [
              -112.06499569881926,
              33.44177699887157
            ],
            [
              -112.06500657728284,
              33.44266720767364
            ],
            [
              -112.06607827808337,
              33.44265799826924
            ],
            [
              -112.066067388678,
              33.441767789776556
            ]
          ]
        ]
      }
    },
    {
      "id": "57",
      "type": "Feature",
      "properties": {
        "tile_id": 57,
        "average_temperature": 35.9134,
        "min_temperature": 29.1067,
        "max_temperature": 40.495
      },
      "geometry": {
        "type": "Polygon",
        "coordinates": [
          [
            [
              -112.08536880864885,
              33.44249064565685
            ],
            [
              -112.08429711669899,
              33.44250002172718
            ],
            [
              -112.08430819259848,
              33.443390224781496
            ],
            [
              -112.08537989549026,
              33.44338084839619
            ],
            [
              -112.08536880864885,
              33.44249064565685
            ]
          ]
        ]
      }
    },
    {
      "id": "58",
      "type": "Feature",
      "properties": {
        "tile_id": 58,
        "average_temperature": 35.9072,
        "min_temperature": 29.094,
        "max_temperature": 40.4956
      },
      "geometry": {
        "type": "Polygon",
        "coordinates": [
          [
            [
              -112.08429711669899,
              33.44250002172718
            ],
            [
              -112.08322542425326,
              33.44250938853841
            ],
            [
              -112.08323648921083,
              33.44339959190741
            ],
            [
              -112.08430819259848,
              33.443390224781496
            ],
            [
              -112.08429711669899,
              33.44250002172718
            ]
          ]
        ]
      }
    },
    {
      "id": "59",
      "type": "Feature",
      "properties": {
        "tile_id": 59,
        "average_temperature": 35.9032,
        "min_temperature": 29.0856,
        "max_temperature": 40.496
      },
      "geometry": {
        "type": "Polygon",
        "coordinates": [
          [
            [
              -112.08322542425326,
              33.44250938853841
            ],
            [
              -112.08215373131215,
              33.44251874609052
            ],
            [
              -112.08216478532778,
              33.44340894977388
            ],
            [
              -112.08323648921083,
              33.44339959190741
            ],
            [
              -112.08322542425326,
              33.44250938853841
            ]
          ]
        ]
      }
    },
    {
      "id": "60",
      "type": "Feature",
      "properties": {
        "tile_id": 60,
        "average_temperature": 35.9018,
        "min_temperature": 29.0827,
        "max_temperature": 40.4961
      },
      "geometry": {
        "type": "Polygon",
        "coordinates": [
          [
            [
              -112.08215373131215,
              33.44251874609052
            ],
            [
              -112.08108203787614,
              33.44252809438352
            ],
            [
              -112.08109308094981,
              33.44341829838093
            ],
            [
              -112.08216478532778,
              33.44340894977388
            ],
            [
              -112.08215373131215,
              33.44251874609052
            ]
          ]
        ]
      }
    },
    {
      "id": "61",
      "type": "Feature",
      "properties": {
        "tile_id": 61,
        "average_temperature": 35.9035,
        "min_temperature": 29.0865,
        "max_temperature": 40.4959
      },
      "geometry": {
        "type": "Polygon",
        "coordinates": [
          [
            [
              -112.08108203787614,
              33.44252809438352
            ],
            [
              -112.08001034394576,
              33.442537433417364
            ],
            [
              -112.08002137607743,
              33.44342763772853
            ],
            [
              -112.08109308094981,
              33.44341829838093
            ],
            [
              -112.08108203787614,
              33.44252809438352
            ]
          ]
        ]
      }
    },
    {
      "id": "62",
      "type": "Feature",
      "properties": {
        "tile_id": 62,
        "average_temperature": 35.909,
        "min_temperature": 29.0981,
        "max_temperature": 40.4953
      },
      "geometry": {
        "type": "Polygon",
        "coordinates": [
          [
            [
              -112.08001034394576,
              33.442537433417364
            ],
            [
              -112.07893864952145,
              33.442546763192055
            ],
            [
              -112.07894967071113,
              33.44343696781666
            ],
            [
              -112.08002137607743,
              33.44342763772853
            ],
            [
              -112.08001034394576,
              33.442537433417364
            ]
          ]
        ]
      }
    },
    {
      "id": "63",
      "type": "Feature",
      "properties": {
        "tile_id": 63,
        "average_temperature": 35.9186,
        "min_temperature": 29.1185,
        "max_temperature": 40.4941
      },
      "geometry": {
        "type": "Polygon",
        "coordinates": [
          [
            [
              -112.07893864952145,
              33.442546763192055
            ],
            [
              -112.07786695460373,
              33.44255608370759
            ],
            [
              -112.07787796485138,
              33.44344628864531
            ],
            [
              -112.07894967071113,
              33.44343696781666
            ],
            [
              -112.07893864952145,
              33.442546763192055
            ]
          ]
        ]
      }
    },
    {
      "id": "64",
      "type": "Feature",
      "properties": {
        "tile_id": 64,
        "average_temperature": 35.9331,
        "min_temperature": 29.1489,
        "max_temperature": 40.4925
      },
      "geometry": {
        "type": "Polygon",
        "coordinates": [
          [
            [
              -112.07786695460373,
              33.44255608370759
            ],
            [
              -112.07679525919308,
              33.442565394963935
            ],
            [
              -112.07680625849868,
              33.44345560021447
            ],
            [
              -112.07787796485138,
              33.44344628864531
            ],
            [
              -112.07786695460373,
              33.44255608370759
            ]
          ]
        ]
      }
    },
    {
      "id": "65",
      "type": "Feature",
      "properties": {
        "tile_id": 65,
        "average_temperature": 35.9527,
        "min_temperature": 29.1902,
        "max_temperature": 40.4903
      },
      "geometry": {
        "type": "Polygon",
        "coordinates": [
          [
            [
              -112.07679525919309,
              33.442565394963935
            ],
            [
              -112.07572356329001,
              33.442574696961096
            ],
            [
              -112.07573455165354,
              33.44346490252412
            ],
            [
              -112.07680625849868,
              33.44345560021447
            ],
            [
              -112.07679525919309,
              33.442565394963935
            ]
          ]
        ]
      }
    },
    {
      "id": "66",
      "type": "Feature",
      "properties": {
        "tile_id": 66,
        "average_temperature": 35.9769,
        "min_temperature": 29.2413,
        "max_temperature": 40.4876
      },
      "geometry": {
        "type": "Polygon",
        "coordinates": [
          [
            [
              -112.07572356329001,
              33.442574696961096
            ],
            [
              -112.07465186689497,
              33.44258398969904
            ],
            [
              -112.07466284431642,
              33.443474195574254
            ],
            [
              -112.07573455165354,
              33.44346490252412
            ],
            [
              -112.07572356329001,
              33.442574696961096
            ]
          ]
        ]
      }
    },
    {
      "id": "67",
      "type": "Feature",
      "properties": {
        "tile_id": 67,
        "average_temperature": 36.0048,
        "min_temperature": 29.3,
        "max_temperature": 40.4844
      },
      "geometry": {
        "type": "Polygon",
        "coordinates": [
          [
            [
              -112.07465186689498,
              33.44258398969904
            ],
            [
              -112.07358017000848,
              33.44259327317774
            ],
            [
              -112.07359113648782,
              33.44348347936486
            ],
            [
              -112.07466284431642,
              33.443474195574254
            ],
            [
              -112.07465186689498,
              33.44258398969904
            ]
          ]
        ]
      }
    },
    {
      "id": "68",
      "type": "Feature",
      "properties": {
        "tile_id": 68,
        "average_temperature": 36.0352,
        "min_temperature": 29.3641,
        "max_temperature": 40.481
      },
      "geometry": {
        "type": "Polygon",
        "coordinates": [
          [
            [
              -112.07358017000848,
              33.44259327317774
            ],
            [
              -112.07250847263103,
              33.44260254739722
            ],
            [
              -112.07251942816823,
              33.4434927538959
            ],
            [
              -112.07359113648782,
              33.44348347936486
            ],
            [
              -112.07358017000848,
              33.44259327317774
            ]
          ]
        ]
      }
    },
    {
      "id": "69",
      "type": "Feature",
      "properties": {
        "tile_id": 69,
        "average_temperature": 36.0672,
        "min_temperature": 29.4314,
        "max_temperature": 40.4774
      },
      "geometry": {
        "type": "Polygon",
        "coordinates": [
          [
            [
              -112.07250847263103,
              33.44260254739722
            ],
            [
              -112.07143677476309,
              33.44261181235744
            ],
            [
              -112.07144771935815,
              33.44350201916736
            ],
            [
              -112.07251942816823,
              33.4434927538959
            ],
            [
              -112.07250847263103,
              33.44260254739722
            ]
          ]
        ]
      }
    },
    {
      "id": "70",
      "type": "Feature",
      "properties": {
        "tile_id": 70,
        "average_temperature": 36.0996,
        "min_temperature": 29.4996,
        "max_temperature": 40.4738
      },
      "geometry": {
        "type": "Polygon",
        "coordinates": [
          [
            [
              -112.07143677476309,
              33.44261181235744
            ],
            [
              -112.07036507640517,
              33.442621068058386
            ],
            [
              -112.07037601005804,
              33.44351127517927
            ],
            [
              -112.07144771935815,
              33.44350201916736
            ],
            [
              -112.07143677476309,
              33.44261181235744
            ]
          ]
        ]
      }
    },
    {
      "id": "71",
      "type": "Feature",
      "properties": {
        "tile_id": 71,
        "average_temperature": 36.1313,
        "min_temperature": 29.5665,
        "max_temperature": 40.4702
      },
      "geometry": {
        "type": "Polygon",
        "coordinates": [
          [
            [
              -112.07036507640517,
              33.442621068058386
            ],
            [
              -112.06929337755774,
              33.44263031450006
            ],
            [
              -112.06930430026843,
              33.443520521931575
            ],
            [
              -112.07037601005804,
              33.44351127517927
            ],
            [
              -112.07036507640517,
              33.442621068058386
            ]
          ]
        ]
      }
    },
    {
      "id": "72",
      "type": "Feature",
      "properties": {
        "tile_id": 72,
        "average_temperature": 36.1614,
        "min_temperature": 29.6298,
        "max_temperature": 40.4669
      },
      "geometry": {
        "type": "Polygon",
        "coordinates": [
          [
            [
              -112.06929337755774,
              33.44263031450006
            ],
            [
              -112.0682216782213,
              33.44263955168243
            ],
            [
              -112.06823258998979,
              33.44352975942428
            ],
            [
              -112.06930430026844,
              33.443520521931575
            ],
            [
              -112.06929337755774,
              33.44263031450006
            ]
          ]
        ]
      }
    },
    {
      "id": "73",
      "type": "Feature",
      "properties": {
        "tile_id": 73,
        "average_temperature": 36.1888,
        "min_temperature": 29.6874,
        "max_temperature": 40.4638
      },
      "geometry": {
        "type": "Polygon",
        "coordinates": [
          [
            [
              -112.0682216782213,
              33.44263955168243
            ],
            [
              -112.06714997839636,
              33.4426487796055
            ],
            [
              -112.0671608792226,
              33.44353898765736
            ],
            [
              -112.06823258998979,
              33.44352975942428
            ],
            [
              -112.0682216782213,
              33.44263955168243
            ]
          ]
        ]
      }
    },
    {
      "id": "74",
      "type": "Feature",
      "properties": {
        "tile_id": 74,
        "average_temperature": 36.2123,
        "min_temperature": 29.737,
        "max_temperature": 40.4611
      },
      "geometry": {
        "type": "Polygon",
        "coordinates": [
          [
            [
              -112.06714997839636,
              33.4426487796055
            ],
            [
              -112.06607827808337,
              33.44265799826925
            ],
            [
              -112.06608916796738,
              33.443548206630794
            ],
            [
              -112.0671608792226,
              33.44353898765736
            ],
            [
              -112.06714997839636,
              33.4426487796055
            ]
          ]
        ]
      }
    },
    {
      "id": "75",
      "type": "Feature",
      "properties": {
        "tile_id": 75,
        "average_temperature": 36.2311,
        "min_temperature": 29.7764,
        "max_temperature": 40.459
      },
      "geometry": {
        "type": "Polygon",
        "coordinates": [
          [
            [
              -112.06607827808337,
              33.44265799826925
            ],
            [
              -112.06500657728284,
              33.44266720767365
            ],
            [
              -112.06501745622457,
              33.44355741634458
            ],
            [
              -112.06608916796738,
              33.443548206630794
            ],
            [
              -112.06607827808337,
              33.44265799826925
            ]
          ]
        ]
      }
    },
    {
      "id": "76",
      "type": "Feature",
      "properties": {
        "tile_id": 76,
        "average_temperature": 35.9148,
        "min_temperature": 29.107,
        "max_temperature": 40.4946
      },
      "geometry": {
        "type": "Polygon",
        "coordinates": [
          [
            [
              -112.08537989549026,
              33.44338084839619
            ],
            [
              -112.08430819259848,
              33.443390224781496
            ],
            [
              -112.0843192689848,
              33.44428042770458
            ],
            [
              -112.08539098281896,
              33.444271051004264
            ],
            [
              -112.08537989549026,
              33.44338084839619
            ]
          ]
        ]
      }
    },
    {
      "id": "77",
      "type": "Feature",
      "properties": {
        "tile_id": 77,
        "average_temperature": 35.9088,
        "min_temperature": 29.0941,
        "max_temperature": 40.4952
      },
      "geometry": {
        "type": "Polygon",
        "coordinates": [
          [
            [
              -112.08430819259848,
              33.443390224781496
            ],
            [
              -112.08323648921083,
              33.44339959190741
            ],
            [
              -112.08324755465475,
              33.44428979514517
            ],
            [
              -112.0843192689848,
              33.44428042770458
            ],
            [
              -112.08430819259848,
              33.443390224781496
            ]
          ]
        ]
      }
    },
    {
      "id": "78",
      "type": "Feature",
      "properties": {
        "tile_id": 78,
        "average_temperature": 35.9048,
        "min_temperature": 29.0857,
        "max_temperature": 40.4956
      },
      "geometry": {
        "type": "Polygon",
        "coordinates": [
          [
            [
              -112.08323648921083,
              33.44339959190741
            ],
            [
              -112.08216478532778,
              33.44340894977388
            ],
            [
              -112.08217583982926,
              33.44429915332602
            ],
            [
              -112.08324755465475,
              33.44428979514517
            ],
            [
              -112.08323648921083,
              33.44339959190741
            ]
          ]
        ]
      }
    },
    {
      "id": "79",
      "type": "Feature",
      "properties": {
        "tile_id": 79,
        "average_temperature": 35.9035,
        "min_temperature": 29.0828,
        "max_temperature": 40.4957
      },
      "geometry": {
        "type": "Polygon",
        "coordinates": [
          [
            [
              -112.08216478532778,
              33.44340894977388
            ],
            [
              -112.08109308094981,
              33.44341829838093
            ],
            [
              -112.08110412450884,
              33.444308502247125
            ],
            [
              -112.08217583982926,
              33.44429915332602
            ],
            [
              -112.08216478532778,
              33.44340894977388
            ]
          ]
        ]
      }
    },
    {
      "id": "80",
      "type": "Feature",
      "properties": {
        "tile_id": 80,
        "average_temperature": 35.9052,
        "min_temperature": 29.0865,
        "max_temperature": 40.4954
      },
      "geometry": {
        "type": "Polygon",
        "coordinates": [
          [
            [
              -112.08109308094981,
              33.44341829838093
            ],
            [
              -112.08002137607743,
              33.44342763772853
            ],
            [
              -112.080032408694,
              33.44431784190847
            ],
            [
              -112.08110412450884,
              33.444308502247125
            ],
            [
              -112.08109308094981,
              33.44341829838093
            ]
          ]
        ]
      }
    },
    {
      "id": "81",
      "type": "Feature",
      "properties": {
        "tile_id": 81,
        "average_temperature": 35.9107,
        "min_temperature": 29.098,
        "max_temperature": 40.4948
      },
      "geometry": {
        "type": "Polygon",
        "coordinates": [
          [
            [
              -112.08002137607743,
              33.44342763772853
            ],
            [
              -112.07894967071113,
              33.44343696781666
            ],
            [
              -112.07896069238521,
              33.44432717231005
            ],
            [
              -112.080032408694,
              33.44431784190847
            ],
            [
              -112.08002137607743,
              33.44342763772853
            ]
          ]
        ]
      }
    },
    {
      "id": "82",
      "type": "Feature",
      "properties": {
        "tile_id": 82,
        "average_temperature": 35.9203,
        "min_temperature": 29.1183,
        "max_temperature": 40.4937
      },
      "geometry": {
        "type": "Polygon",
        "coordinates": [
          [
            [
              -112.07894967071113,
              33.44343696781666
            ],
            [
              -112.07787796485138,
              33.44344628864531
            ],
            [
              -112.07788897558295,
              33.444336493451836
            ],
            [
              -112.07896069238521,
              33.44432717231005
            ],
            [
              -112.07894967071113,
              33.44343696781666
            ]
          ]
        ]
      }
    },
    {
      "id": "83",
      "type": "Feature",
      "properties": {
        "tile_id": 83,
        "average_temperature": 35.9346,
        "min_temperature": 29.1486,
        "max_temperature": 40.492
      },
      "geometry": {
        "type": "Polygon",
        "coordinates": [
          [
            [
              -112.07787796485138,
              33.44344628864531
            ],
            [
              -112.07680625849868,
              33.44345560021447
            ],
            [
              -112.07681725828773,
              33.44434580533381
            ],
            [
              -112.07788897558295,
              33.444336493451836
            ],
            [
              -112.07787796485138,
              33.44344628864531
            ]
          ]
        ]
      }
    },
    {
      "id": "84",
      "type": "Feature",
      "properties": {
        "tile_id": 84,
        "average_temperature": 35.954,
        "min_temperature": 29.1898,
        "max_temperature": 40.4898
      },
      "geometry": {
        "type": "Polygon",
        "coordinates": [
          [
            [
              -112.07680625849868,
              33.44345560021447
            ],
            [
              -112.07573455165354,
              33.44346490252412
            ],
            [
              -112.07574554050004,
              33.44435510795598
            ],
            [
              -112.07681725828773,
              33.44434580533381
            ],
            [
              -112.07680625849868,
              33.44345560021447
            ]
          ]
        ]
      }
    },
    {
      "id": "85",
      "type": "Feature",
      "properties": {
        "tile_id": 85,
        "average_temperature": 35.9781,
        "min_temperature": 29.2408,
        "max_temperature": 40.4872
      },
      "geometry": {
        "type": "Polygon",
        "coordinates": [
          [
            [
              -112.07573455165354,
              33.44346490252412
            ],
            [
              -112.07466284431642,
              33.443474195574254
            ],
            [
              -112.07467382222035,
              33.4443644013183
            ],
            [
              -112.07574554050004,
              33.44435510795598
            ],
            [
              -112.07573455165354,
              33.44346490252412
            ]
          ]
        ]
      }
    },
    {
      "id": "86",
      "type": "Feature",
      "properties": {
        "tile_id": 86,
        "average_temperature": 36.0058,
        "min_temperature": 29.2995,
        "max_temperature": 40.4841
      },
      "geometry": {
        "type": "Polygon",
        "coordinates": [
          [
            [
              -112.07466284431642,
              33.443474195574254
            ],
            [
              -112.07359113648782,
              33.44348347936486
            ],
            [
              -112.07360210344916,
              33.44437368542077
            ],
            [
              -112.07467382222035,
              33.4443644013183
            ],
            [
              -112.07466284431642,
              33.443474195574254
            ]
          ]
        ]
      }
    },
    {
      "id": "87",
      "type": "Feature",
      "properties": {
        "tile_id": 87,
        "average_temperature": 36.036,
        "min_temperature": 29.3635,
        "max_temperature": 40.4807
      },
      "geometry": {
        "type": "Polygon",
        "coordinates": [
          [
            [
              -112.07359113648782,
              33.44348347936486
            ],
            [
              -112.07251942816823,
              33.4434927538959
            ],
            [
              -112.07253038418696,
              33.44438296026339
            ],
            [
              -112.07360210344916,
              33.44437368542077
            ],
            [
              -112.07359113648782,
              33.44348347936486
            ]
          ]
        ]
      }
    },
    {
      "id": "88",
      "type": "Feature",
      "properties": {
        "tile_id": 88,
        "average_temperature": 36.0678,
        "min_temperature": 29.4308,
        "max_temperature": 40.4772
      },
      "geometry": {
        "type": "Polygon",
        "coordinates": [
          [
            [
              -112.07251942816823,
              33.4434927538959
            ],
            [
              -112.07144771935815,
              33.44350201916736
            ],
            [
              -112.07145866443425,
              33.44439222584614
            ],
            [
              -112.07253038418696,
              33.44438296026339
            ],
            [
              -112.07251942816823,
              33.4434927538959
            ]
          ]
        ]
      }
    },
    {
      "id": "89",
      "type": "Feature",
      "properties": {
        "tile_id": 89,
        "average_temperature": 36.0999,
        "min_temperature": 29.499,
        "max_temperature": 40.4736
      },
      "geometry": {
        "type": "Polygon",
        "coordinates": [
          [
            [
              -112.07144771935815,
              33.44350201916736
            ],
            [
              -112.07037601005804,
              33.44351127517927
            ],
            [
              -112.0703869441915,
              33.444401482168985
            ],
            [
              -112.07145866443425,
              33.44439222584614
            ],
            [
              -112.07144771935815,
              33.44350201916736
            ]
          ]
        ]
      }
    },
    {
      "id": "90",
      "type": "Feature",
      "properties": {
        "tile_id": 90,
        "average_temperature": 36.1315,
        "min_temperature": 29.5659,
        "max_temperature": 40.4702
      },
      "geometry": {
        "type": "Polygon",
        "coordinates": [
          [
            [
              -112.07037601005804,
              33.44351127517927
            ],
            [
              -112.06930430026843,
              33.443520521931575
            ],
            [
              -112.06931522345921,
              33.44441072923193
            ],
            [
              -112.0703869441915,
              33.444401482168985
            ],
            [
              -112.07037601005804,
              33.44351127517927
            ]
          ]
        ]
      }
    },
    {
      "id": "91",
      "type": "Feature",
      "properties": {
        "tile_id": 91,
        "average_temperature": 36.1614,
        "min_temperature": 29.6293,
        "max_temperature": 40.4668
      },
      "geometry": {
        "type": "Polygon",
        "coordinates": [
          [
            [
              -112.06930430026844,
              33.443520521931575
            ],
            [
              -112.06823258998979,
              33.44352975942428
            ],
            [
              -112.06824350223788,
              33.44441996703496
            ],
            [
              -112.06931522345921,
              33.44441072923193
            ],
            [
              -112.06930430026844,
              33.443520521931575
            ]
          ]
        ]
      }
    },
    {
      "id": "92",
      "type": "Feature",
      "properties": {
        "tile_id": 92,
        "average_temperature": 36.1886,
        "min_temperature": 29.6869,
        "max_temperature": 40.4638
      },
      "geometry": {
        "type": "Polygon",
        "coordinates": [
          [
            [
              -112.06823258998979,
              33.44352975942428
            ],
            [
              -112.0671608792226,
              33.44353898765736
            ],
            [
              -112.06717178052797,
              33.44442919557806
            ],
            [
              -112.06824350223788,
              33.44441996703496
            ],
            [
              -112.06823258998979,
              33.44352975942428
            ]
          ]
        ]
      }
    },
    {
      "id": "93",
      "type": "Feature",
      "properties": {
        "tile_id": 93,
        "average_temperature": 36.212,
        "min_temperature": 29.7366,
        "max_temperature": 40.4612
      },
      "geometry": {
        "type": "Polygon",
        "coordinates": [
          [
            [
              -112.0671608792226,
              33.44353898765736
            ],
            [
              -112.06608916796738,
              33.443548206630794
            ],
            [
              -112.06610005833001,
              33.4444384148612
            ],
            [
              -112.06717178052797,
              33.44442919557806
            ],
            [
              -112.0671608792226,
              33.44353898765736
            ]
          ]
        ]
      }
    },
    {
      "id": "94",
      "type": "Feature",
      "properties": {
        "tile_id": 94,
        "average_temperature": 36.2307,
        "min_temperature": 29.7762,
        "max_temperature": 40.4591
      },
      "geometry": {
        "type": "Polygon",
        "coordinates": [
          [
            [
              -112.06608916796738,
              33.443548206630794
            ],
            [
              -112.06501745622457,
              33.44355741634458
            ],
            [
              -112.06502833564447,
              33.4444476248844
            ],
            [
              -112.06610005833001,
              33.4444384148612
            ],
            [
              -112.06608916796738,
              33.443548206630794
            ]
          ]
        ]
      }
    },
    {
      "id": "95",
      "type": "Feature",
      "properties": {
        "tile_id": 95,
        "average_temperature": 35.9188,
        "min_temperature": 29.1073,
        "max_temperature": 40.4935
      },
      "geometry": {
        "type": "Polygon",
        "coordinates": [
          [
            [
              -112.08539098281896,
              33.444271051004264
            ],
            [
              -112.0843192689848,
              33.44428042770458
            ],
            [
              -112.08433034585796,
              33.445170630496406
            ],
            [
              -112.085402070635,
              33.4451612534811
            ],
            [
              -112.08539098281896,
              33.444271051004264
            ]
          ]
        ]
      }
    },
    {
      "id": "96",
      "type": "Feature",
      "properties": {
        "tile_id": 96,
        "average_temperature": 35.9129,
        "min_temperature": 29.0944,
        "max_temperature": 40.4941
      },
      "geometry": {
        "type": "Polygon",
        "coordinates": [
          [
            [
              -112.0843192689848,
              33.44428042770458
            ],
            [
              -112.08324755465475,
              33.44428979514517
            ],
            [
              -112.08325862058501,
              33.445179998251696
            ],
            [
              -112.08433034585796,
              33.445170630496406
            ],
            [
              -112.0843192689848,
              33.44428042770458
            ]
          ]
        ]
      }
    },
    {
      "id": "97",
      "type": "Feature",
      "properties": {
        "tile_id": 97,
        "average_temperature": 35.9091,
        "min_temperature": 29.086,
        "max_temperature": 40.4944
      },
      "geometry": {
        "type": "Polygon",
        "coordinates": [
          [
            [
              -112.08324755465475,
              33.44428979514517
            ],
            [
              -112.08217583982926,
              33.44429915332602
            ],
            [
              -112.08218689481663,
              33.44518935674693
            ],
            [
              -112.08325862058501,
              33.445179998251696
            ],
            [
              -112.08324755465475,
              33.44428979514517
            ]
          ]
        ]
      }
    },
    {
      "id": "98",
      "type": "Feature",
      "properties": {
        "tile_id": 98,
        "average_temperature": 35.9078,
        "min_temperature": 29.083,
        "max_temperature": 40.4945
      },
      "geometry": {
        "type": "Polygon",
        "coordinates": [
          [
            [
              -112.08217583982926,
              33.44429915332602
            ],
            [
              -112.08110412450884,
              33.444308502247125
            ],
            [
              -112.08111516855328,
              33.445198705982115
            ],
            [
              -112.08218689481663,
              33.44518935674693
            ],
            [
              -112.08217583982926,
              33.44429915332602
            ]
          ]
        ]
      }
    },
    {
      "id": "99",
      "type": "Feature",
      "properties": {
        "tile_id": 99,
        "average_temperature": 35.9095,
        "min_temperature": 29.0866,
        "max_temperature": 40.4942
      },
      "geometry": {
        "type": "Polygon",
        "coordinates": [
          [
            [
              -112.08110412450884,
              33.444308502247125
            ],
            [
              -112.080032408694,
              33.44431784190847
            ],
            [
              -112.08004344179548,
              33.44520804595721
            ],
            [
              -112.08111516855328,
              33.445198705982115
            ],
            [
              -112.08110412450884,
              33.444308502247125
            ]
          ]
        ]
      }
    },
    {
      "id": "100",
      "type": "Feature",
      "properties": {
        "tile_id": 100,
        "average_temperature": 35.9149,
        "min_temperature": 29.098,
        "max_temperature": 40.4936
      },
      "geometry": {
        "type": "Polygon",
        "coordinates": [
          [
            [
              -112.080032408694,
              33.44431784190847
            ],
            [
              -112.07896069238521,
              33.44432717231005
            ],
            [
              -112.07897171454373,
              33.44521737667224
            ],
            [
              -112.08004344179548,
              33.44520804595721
            ],
            [
              -112.080032408694,
              33.44431784190847
            ]
          ]
        ]
      }
    },
    {
      "id": "101",
      "type": "Feature",
      "properties": {
        "tile_id": 101,
        "average_temperature": 35.9244,
        "min_temperature": 29.1182,
        "max_temperature": 40.4925
      },
      "geometry": {
        "type": "Polygon",
        "coordinates": [
          [
            [
              -112.07896069238521,
              33.44432717231005
            ],
            [
              -112.07788897558295,
              33.444336493451836
            ],
            [
              -112.07789998679847,
              33.44522669812715
            ],
            [
              -112.07897171454373,
              33.44521737667224
            ],
            [
              -112.07896069238521,
              33.44432717231005
            ]
          ]
        ]
      }
    },
    {
      "id": "102",
      "type": "Feature",
      "properties": {
        "tile_id": 102,
        "average_temperature": 35.9385,
        "min_temperature": 29.1484,
        "max_temperature": 40.4909
      },
      "geometry": {
        "type": "Polygon",
        "coordinates": [
          [
            [
              -112.07788897558295,
              33.444336493451836
            ],
            [
              -112.07681725828773,
              33.44434580533381
            ],
            [
              -112.07682825856025,
              33.44523601032195
            ],
            [
              -112.07789998679847,
              33.44522669812715
            ],
            [
              -112.07788897558295,
              33.444336493451836
            ]
          ]
        ]
      }
    },
    {
      "id": "103",
      "type": "Feature",
      "properties": {
        "tile_id": 103,
        "average_temperature": 35.9576,
        "min_temperature": 29.1895,
        "max_temperature": 40.4888
      },
      "geometry": {
        "type": "Polygon",
        "coordinates": [
          [
            [
              -112.07681725828773,
              33.44434580533381
            ],
            [
              -112.07574554050004,
              33.44435510795598
            ],
            [
              -112.07575652982952,
              33.44524531325662
            ],
            [
              -112.07682825856025,
              33.44523601032195
            ],
            [
              -112.07681725828773,
              33.44434580533381
            ]
          ]
        ]
      }
    },
    {
      "id": "104",
      "type": "Feature",
      "properties": {
        "tile_id": 104,
        "average_temperature": 35.9814,
        "min_temperature": 29.2404,
        "max_temperature": 40.4862
      },
      "geometry": {
        "type": "Polygon",
        "coordinates": [
          [
            [
              -112.07574554050004,
              33.44435510795598
            ],
            [
              -112.07467382222035,
              33.4443644013183
            ],
            [
              -112.07468480060678,
              33.44525460693115
            ],
            [
              -112.07575652982952,
              33.44524531325662
            ],
            [
              -112.07574554050004,
              33.44435510795598
            ]
          ]
        ]
      }
    },
    {
      "id": "105",
      "type": "Feature",
      "properties": {
        "tile_id": 105,
        "average_temperature": 36.0086,
        "min_temperature": 29.299,
        "max_temperature": 40.4832
      },
      "geometry": {
        "type": "Polygon",
        "coordinates": [
          [
            [
              -112.07467382222035,
              33.4443644013183
            ],
            [
              -112.07360210344916,
              33.44437368542077
            ],
            [
              -112.07361307089253,
              33.44526389134552
            ],
            [
              -112.07468480060678,
              33.44525460693115
            ],
            [
              -112.07467382222035,
              33.4443644013183
            ]
          ]
        ]
      }
    },
    {
      "id": "106",
      "type": "Feature",
      "properties": {
        "tile_id": 106,
        "average_temperature": 36.0384,
        "min_temperature": 29.3631,
        "max_temperature": 40.48
      },
      "geometry": {
        "type": "Polygon",
        "coordinates": [
          [
            [
              -112.07360210344916,
              33.44437368542077
            ],
            [
              -112.07253038418696,
              33.44438296026339
            ],
            [
              -112.07254134068724,
              33.44527316649971
            ],
            [
              -112.07361307089253,
              33.44526389134552
            ],
            [
              -112.07360210344916,
              33.44437368542077
            ]
          ]
        ]
      }
    },
    {
      "id": "107",
      "type": "Feature",
      "properties": {
        "tile_id": 107,
        "average_temperature": 36.0697,
        "min_temperature": 29.4303,
        "max_temperature": 40.4766
      },
      "geometry": {
        "type": "Polygon",
        "coordinates": [
          [
            [
              -112.07253038418696,
              33.44438296026339
            ],
            [
              -112.07145866443425,
              33.44439222584614
            ],
            [
              -112.07146960999141,
              33.44528243239372
            ],
            [
              -112.07254134068724,
              33.44527316649971
            ],
            [
              -112.07253038418696,
              33.44438296026339
            ]
          ]
        ]
      }
    },
    {
      "id": "108",
      "type": "Feature",
      "properties": {
        "tile_id": 108,
        "average_temperature": 36.1013,
        "min_temperature": 29.4985,
        "max_temperature": 40.4732
      },
      "geometry": {
        "type": "Polygon",
        "coordinates": [
          [
            [
              -112.07145866443425,
              33.44439222584614
            ],
            [
              -112.0703869441915,
              33.444401482168985
            ],
            [
              -112.07039787880554,
              33.445291689027535
            ],
            [
              -112.07146960999141,
              33.44528243239372
            ],
            [
              -112.07145866443425,
              33.44439222584614
            ]
          ]
        ]
      }
    },
    {
      "id": "109",
      "type": "Feature",
      "properties": {
        "tile_id": 109,
        "average_temperature": 36.1325,
        "min_temperature": 29.5654,
        "max_temperature": 40.4699
      },
      "geometry": {
        "type": "Polygon",
        "coordinates": [
          [
            [
              -112.0703869441915,
              33.444401482168985
            ],
            [
              -112.06931522345921,
              33.44441072923193
            ],
            [
              -112.06932614713008,
              33.44530093640114
            ],
            [
              -112.07039787880554,
              33.445291689027535
            ],
            [
              -112.0703869441915,
              33.444401482168985
            ]
          ]
        ]
      }
    },
    {
      "id": "110",
      "type": "Feature",
      "properties": {
        "tile_id": 110,
        "average_temperature": 36.1619,
        "min_temperature": 29.6288,
        "max_temperature": 40.4667
      },
      "geometry": {
        "type": "Polygon",
        "coordinates": [
          [
            [
              -112.06931522345921,
              33.44441072923193
            ],
            [
              -112.06824350223788,
              33.44441996703496
            ],
            [
              -112.0682544149656,
              33.4453101745145
            ],
            [
              -112.06932614713008,
              33.44530093640114
            ],
            [
              -112.06931522345921,
              33.44441072923193
            ]
          ]
        ]
      }
    },
    {
      "id": "111",
      "type": "Feature",
      "properties": {
        "tile_id": 111,
        "average_temperature": 36.1887,
        "min_temperature": 29.6866,
        "max_temperature": 40.4638
      },
      "geometry": {
        "type": "Polygon",
        "coordinates": [
          [
            [
              -112.06824350223788,
              33.44441996703496
            ],
            [
              -112.06717178052797,
              33.44442919557806
            ],
            [
              -112.06718268231249,
              33.44531940336761
            ],
            [
              -112.0682544149656,
              33.4453101745145
            ],
            [
              -112.06824350223788,
              33.44441996703496
            ]
          ]
        ]
      }
    },
    {
      "id": "112",
      "type": "Feature",
      "properties": {
        "tile_id": 112,
        "average_temperature": 36.2119,
        "min_temperature": 29.7364,
        "max_temperature": 40.4613
      },
      "geometry": {
        "type": "Polygon",
        "coordinates": [
          [
            [
              -112.06717178052797,
              33.44442919557806
            ],
            [
              -112.06610005833001,
              33.4444384148612
            ],
            [
              -112.06611094917132,
              33.44532862296049
            ],
            [
              -112.06718268231249,
              33.44531940336761
            ],
            [
              -112.06717178052797,
              33.44442919557806
            ]
          ]
        ]
      }
    },
    {
      "id": "113",
      "type": "Feature",
      "properties": {
        "tile_id": 113,
        "average_temperature": 36.2303,
        "min_temperature": 29.776,
        "max_temperature": 40.4593
      },
      "geometry": {
        "type": "Polygon",
        "coordinates": [
          [
            [
              -112.06610005833001,
              33.4444384148612
            ],
            [
              -112.06502833564447,
              33.4444476248844
            ],
            [
              -112.06503921554254,
              33.445337833293074
            ],
            [
              -112.06611094917132,
              33.44532862296049
            ],
            [
              -112.06610005833001,
              33.4444384148612
            ]
          ]
        ]
      }
    },
    {
      "id": "114",
      "type": "Feature",
      "properties": {
        "tile_id": 114,
        "average_temperature": 35.9258,
        "min_temperature": 29.1078,
        "max_temperature": 40.4916
      },
      "geometry": {
        "type": "Polygon",
        "coordinates": [
          [
            [
              -112.085402070635,
              33.4451612534811
            ],
            [
              -112.08433034585796,
              33.445170630496406
            ],
            [
              -112.08434142321796,
              33.446060833157
            ],
            [
              -112.08541315893834,
              33.446051455826684
            ],
            [
              -112.085402070635,
              33.4451612534811
            ]
          ]
        ]
      }
    },
    {
      "id": "115",
      "type": "Feature",
      "properties": {
        "tile_id": 115,
        "average_temperature": 35.9201,
        "min_temperature": 29.0948,
        "max_temperature": 40.4921
      },
      "geometry": {
        "type": "Polygon",
        "coordinates": [
          [
            [
              -112.08433034585796,
              33.445170630496406
            ],
            [
              -112.08325862058501,
              33.445179998251696
            ],
            [
              -112.08326968700166,
              33.44607020122698
            ],
            [
              -112.08434142321796,
              33.446060833157
            ],
            [
              -112.08433034585796,
              33.445170630496406
            ]
          ]
        ]
      }
    },
    {
      "id": "116",
      "type": "Feature",
      "properties": {
        "tile_id": 116,
        "average_temperature": 35.9163,
        "min_temperature": 29.0863,
        "max_temperature": 40.4924
      },
      "geometry": {
        "type": "Polygon",
        "coordinates": [
          [
            [
              -112.08325862058501,
              33.445179998251696
            ],
            [
              -112.08218689481663,
              33.44518935674693
            ],
            [
              -112.08219795028988,
              33.446079560036594
            ],
            [
              -112.08326968700166,
              33.44607020122698
            ],
            [
              -112.08325862058501,
              33.445179998251696
            ]
          ]
        ]
      }
    },
    {
      "id": "117",
      "type": "Feature",
      "properties": {
        "tile_id": 117,
        "average_temperature": 35.9151,
        "min_temperature": 29.0833,
        "max_temperature": 40.4925
      },
      "geometry": {
        "type": "Polygon",
        "coordinates": [
          [
            [
              -112.08218689481663,
              33.44518935674693
            ],
            [
              -112.08111516855328,
              33.445198705982115
            ],
            [
              -112.08112621308312,
              33.44608890958585
            ],
            [
              -112.08219795028988,
              33.446079560036594
            ],
            [
              -112.08218689481663,
              33.44518935674693
            ]
          ]
        ]
      }
    },
    {
      "id": "118",
      "type": "Feature",
      "properties": {
        "tile_id": 118,
        "average_temperature": 35.9168,
        "min_temperature": 29.0869,
        "max_temperature": 40.4922
      },
      "geometry": {
        "type": "Polygon",
        "coordinates": [
          [
            [
              -112.08111516855328,
              33.445198705982115
            ],
            [
              -112.08004344179548,
              33.44520804595721
            ],
            [
              -112.08005447538191,
              33.44609824987472
            ],
            [
              -112.08112621308312,
              33.44608890958585
            ],
            [
              -112.08111516855328,
              33.445198705982115
            ]
          ]
        ]
      }
    },
    {
      "id": "119",
      "type": "Feature",
      "properties": {
        "tile_id": 119,
        "average_temperature": 35.9221,
        "min_temperature": 29.0982,
        "max_temperature": 40.4916
      },
      "geometry": {
        "type": "Polygon",
        "coordinates": [
          [
            [
              -112.08004344179548,
              33.44520804595721
            ],
            [
              -112.07897171454373,
              33.44521737667224
            ],
            [
              -112.07898273718669,
              33.44610758090319
            ],
            [
              -112.08005447538191,
              33.44609824987472
            ],
            [
              -112.08004344179548,
              33.44520804595721
            ]
          ]
        ]
      }
    },
    {
      "id": "120",
      "type": "Feature",
      "properties": {
        "tile_id": 120,
        "average_temperature": 35.9313,
        "min_temperature": 29.1183,
        "max_temperature": 40.4905
      },
      "geometry": {
        "type": "Polygon",
        "coordinates": [
          [
            [
              -112.07897171454373,
              33.44521737667224
            ],
            [
              -112.07789998679847,
              33.44522669812715
            ],
            [
              -112.07791099849797,
              33.44611690267126
            ],
            [
              -112.07898273718669,
              33.44610758090319
            ],
            [
              -112.07897171454373,
              33.44521737667224
            ]
          ]
        ]
      }
    },
    {
      "id": "121",
      "type": "Feature",
      "properties": {
        "tile_id": 121,
        "average_temperature": 35.9451,
        "min_temperature": 29.1484,
        "max_temperature": 40.4891
      },
      "geometry": {
        "type": "Polygon",
        "coordinates": [
          [
            [
              -112.07789998679847,
              33.44522669812715
            ],
            [
              -112.07682825856025,
              33.44523601032195
            ],
            [
              -112.07683925931626,
              33.446126215178886
            ],
            [
              -112.07791099849797,
              33.44611690267126
            ],
            [
              -112.07789998679847,
              33.44522669812715
            ]
          ]
        ]
      }
    },
    {
      "id": "122",
      "type": "Feature",
      "properties": {
        "tile_id": 122,
        "average_temperature": 35.9638,
        "min_temperature": 29.1893,
        "max_temperature": 40.4871
      },
      "geometry": {
        "type": "Polygon",
        "coordinates": [
          [
            [
              -112.07682825856025,
              33.44523601032195
            ],
            [
              -112.07575652982952,
              33.44524531325662
            ],
            [
              -112.07576751964201,
              33.446135518426075
            ],
            [
              -112.07683925931626,
              33.446126215178886
            ],
            [
              -112.07682825856025,
              33.44523601032195
            ]
          ]
        ]
      }
    },
    {
      "id": "123",
      "type": "Feature",
      "properties": {
        "tile_id": 123,
        "average_temperature": 35.9869,
        "min_temperature": 29.2402,
        "max_temperature": 40.4846
      },
      "geometry": {
        "type": "Polygon",
        "coordinates": [
          [
            [
              -112.07575652982952,
              33.44524531325662
            ],
            [
              -112.07468480060678,
              33.44525460693115
            ],
            [
              -112.07469577947575,
              33.44614481241282
            ],
            [
              -112.07576751964201,
              33.446135518426075
            ],
            [
              -112.07575652982952,
              33.44524531325662
            ]
          ]
        ]
      }
    },
    {
      "id": "124",
      "type": "Feature",
      "properties": {
        "tile_id": 124,
        "average_temperature": 36.0135,
        "min_temperature": 29.2987,
        "max_temperature": 40.4819
      },
      "geometry": {
        "type": "Polygon",
        "coordinates": [
          [
            [
              -112.07468480060678,
              33.44525460693115
            ],
            [
              -112.07361307089253,
              33.44526389134552
            ],
            [
              -112.07362403881794,
              33.446154097139086
            ],
            [
              -112.07469577947575,
              33.44614481241282
            ],
            [
              -112.07468480060678,
              33.44525460693115
            ]
          ]
        ]
      }
    },
    {
      "id": "125",
      "type": "Feature",
      "properties": {
        "tile_id": 125,
        "average_temperature": 36.0426,
        "min_temperature": 29.3627,
        "max_temperature": 40.4788
      },
      "geometry": {
        "type": "Polygon",
        "coordinates": [
          [
            [
              -112.07361307089253,
              33.44526389134552
            ],
            [
              -112.07254134068724,
              33.44527316649971
            ],
            [
              -112.07255229766908,
              33.446163372604865
            ],
            [
              -112.07362403881794,
              33.446154097139086
            ],
            [
              -112.07361307089253,
              33.44526389134552
            ]
          ]
        ]
      }
    },
    {
      "id": "126",
      "type": "Feature",
      "properties": {
        "tile_id": 126,
        "average_temperature": 36.0731,
        "min_temperature": 29.4299,
        "max_temperature": 40.4757
      },
      "geometry": {
        "type": "Polygon",
        "coordinates": [
          [
            [
              -112.07254134068724,
              33.44527316649971
            ],
            [
              -112.07146960999141,
              33.44528243239372
            ],
            [
              -112.07148055602966,
              33.446172638810154
            ],
            [
              -112.07255229766908,
              33.446163372604865
            ],
            [
              -112.07254134068724,
              33.44527316649971
            ]
          ]
        ]
      }
    },
    {
      "id": "127",
      "type": "Feature",
      "properties": {
        "tile_id": 127,
        "average_temperature": 36.104,
        "min_temperature": 29.4981,
        "max_temperature": 40.4725
      },
      "geometry": {
        "type": "Polygon",
        "coordinates": [
          [
            [
              -112.07146960999141,
              33.44528243239372
            ],
            [
              -112.07039787880554,
              33.445291689027535
            ],
            [
              -112.07040881390017,
              33.44618189575493
            ],
            [
              -112.07148055602966,
              33.446172638810154
            ],
            [
              -112.07146960999141,
              33.44528243239372
            ]
          ]
        ]
      }
    },
    {
      "id": "128",
      "type": "Feature",
      "properties": {
        "tile_id": 128,
        "average_temperature": 36.1343,
        "min_temperature": 29.5651,
        "max_temperature": 40.4693
      },
      "geometry": {
        "type": "Polygon",
        "coordinates": [
          [
            [
              -112.07039787880554,
              33.445291689027535
            ],
            [
              -112.06932614713008,
              33.44530093640114
            ],
            [
              -112.0693370712811,
              33.44619114343918
            ],
            [
              -112.07040881390017,
              33.44618189575493
            ],
            [
              -112.07039787880554,
              33.445291689027535
            ]
          ]
        ]
      }
    },
    {
      "id": "129",
      "type": "Feature",
      "properties": {
        "tile_id": 129,
        "average_temperature": 36.1631,
        "min_temperature": 29.6285,
        "max_temperature": 40.4664
      },
      "geometry": {
        "type": "Polygon",
        "coordinates": [
          [
            [
              -112.06932614713008,
              33.44530093640114
            ],
            [
              -112.0682544149656,
              33.4453101745145
            ],
            [
              -112.06826532817294,
              33.44620038186289
            ],
            [
              -112.0693370712811,
              33.44619114343918
            ],
            [
              -112.06932614713008,
              33.44530093640114
            ]
          ]
        ]
      }
    },
    {
      "id": "130",
      "type": "Feature",
      "properties": {
        "tile_id": 130,
        "average_temperature": 36.1893,
        "min_temperature": 29.6864,
        "max_temperature": 40.4636
      },
      "geometry": {
        "type": "Polygon",
        "coordinates": [
          [
            [
              -112.0682544149656,
              33.4453101745145
            ],
            [
              -112.06718268231249,
              33.44531940336761
            ],
            [
              -112.06719358457617,
              33.446209611026035
            ],
            [
              -112.06826532817294,
              33.44620038186289
            ],
            [
              -112.0682544149656,
              33.4453101745145
            ]
          ]
        ]
      }
    },
    {
      "id": "131",
      "type": "Feature",
      "properties": {
        "tile_id": 131,
        "average_temperature": 36.2119,
        "min_temperature": 29.7362,
        "max_temperature": 40.4613
      },
      "geometry": {
        "type": "Polygon",
        "coordinates": [
          [
            [
              -112.06718268231249,
              33.44531940336761
            ],
            [
              -112.06611094917132,
              33.44532862296049
            ],
            [
              -112.0661218404913,
              33.44621883092862
            ],
            [
              -112.06719358457617,
              33.446209611026035
            ],
            [
              -112.06718268231249,
              33.44531940336761
            ]
          ]
        ]
      }
    },
    {
      "id": "132",
      "type": "Feature",
      "properties": {
        "tile_id": 132,
        "average_temperature": 36.2299,
        "min_temperature": 29.776,
        "max_temperature": 40.4594
      },
      "geometry": {
        "type": "Polygon",
        "coordinates": [
          [
            [
              -112.06611094917132,
              33.44532862296049
            ],
            [
              -112.06503921554254,
              33.445337833293074
            ],
            [
              -112.0650500959188,
              33.446228041570635
            ],
            [
              -112.0661218404913,
              33.44621883092862
            ],
            [
              -112.06611094917132,
              33.44532862296049
            ]
          ]
        ]
      }
    },
    {
      "id": "133",
      "type": "Feature",
      "properties": {
        "tile_id": 133,
        "average_temperature": 35.9346,
        "min_temperature": 29.1083,
        "max_temperature": 40.4892
      },
      "geometry": {
        "type": "Polygon",
        "coordinates": [
          [
            [
              -112.08541315893834,
              33.446051455826684
            ],
            [
              -112.08434142321796,
              33.446060833157
            ],
            [
              -112.08435250106486,
              33.44695103568635
            ],
            [
              -112.08542424772905,
              33.44694165804102
            ],
            [
              -112.08541315893834,
              33.446051455826684
            ]
          ]
        ]
      }
    },
    {
      "id": "134",
      "type": "Feature",
      "properties": {
        "tile_id": 134,
        "average_temperature": 35.929,
        "min_temperature": 29.0953,
        "max_temperature": 40.4896
      },
      "geometry": {
        "type": "Polygon",
        "coordinates": [
          [
            [
              -112.08434142321796,
              33.446060833157
            ],
            [
              -112.08326968700166,
              33.44607020122698
            ],
            [
              -112.08328075390469,
              33.446960404071014
            ],
            [
              -112.08435250106486,
              33.44695103568635
            ],
            [
              -112.08434142321796,
              33.446060833157
            ]
          ]
        ]
      }
    },
    {
      "id": "135",
      "type": "Feature",
      "properties": {
        "tile_id": 135,
        "average_temperature": 35.9254,
        "min_temperature": 29.0868,
        "max_temperature": 40.4899
      },
      "geometry": {
        "type": "Polygon",
        "coordinates": [
          [
            [
              -112.08326968700166,
              33.44607020122698
            ],
            [
              -112.08219795028988,
              33.446079560036594
            ],
            [
              -112.08220900624904,
              33.44696976319503
            ],
            [
              -112.08328075390469,
              33.446960404071014
            ],
            [
              -112.08326968700166,
              33.44607020122698
            ]
          ]
        ]
      }
    },
    {
      "id": "136",
      "type": "Feature",
      "properties": {
        "tile_id": 136,
        "average_temperature": 35.9242,
        "min_temperature": 29.0837,
        "max_temperature": 40.49
      },
      "geometry": {
        "type": "Polygon",
        "coordinates": [
          [
            [
              -112.08219795028988,
              33.446079560036594
            ],
            [
              -112.08112621308312,
              33.44608890958585
            ],
            [
              -112.08113725809841,
              33.44697911305837
            ],
            [
              -112.08220900624904,
              33.44696976319503
            ],
            [
              -112.08219795028988,
              33.446079560036594
            ]
          ]
        ]
      }
    },
    {
      "id": "137",
      "type": "Feature",
      "properties": {
        "tile_id": 137,
        "average_temperature": 35.9258,
        "min_temperature": 29.0872,
        "max_temperature": 40.4897
      },
      "geometry": {
        "type": "Polygon",
        "coordinates": [
          [
            [
              -112.08112621308312,
              33.44608890958585
            ],
            [
              -112.08005447538191,
              33.44609824987472
            ],
            [
              -112.08006550945328,
              33.446988453661014
            ],
            [
              -112.08113725809841,
              33.44697911305837
            ],
            [
              -112.08112621308312,
              33.44608890958585
            ]
          ]
        ]
      }
    },
    {
      "id": "138",
      "type": "Feature",
      "properties": {
        "tile_id": 138,
        "average_temperature": 35.9309,
        "min_temperature": 29.0984,
        "max_temperature": 40.4891
      },
      "geometry": {
        "type": "Polygon",
        "coordinates": [
          [
            [
              -112.08005447538191,
              33.44609824987472
            ],
            [
              -112.07898273718669,
              33.44610758090319
            ],
            [
              -112.07899376031413,
              33.446997785002935
            ],
            [
              -112.08006550945328,
              33.446988453661014
            ],
            [
              -112.08005447538191,
              33.44609824987472
            ]
          ]
        ]
      }
    },
    {
      "id": "139",
      "type": "Feature",
      "properties": {
        "tile_id": 139,
        "average_temperature": 35.9399,
        "min_temperature": 29.1184,
        "max_temperature": 40.4882
      },
      "geometry": {
        "type": "Polygon",
        "coordinates": [
          [
            [
              -112.07898273718669,
              33.44610758090319
            ],
            [
              -112.07791099849797,
              33.44611690267126
            ],
            [
              -112.07792201068146,
              33.44700710708414
            ],
            [
              -112.07899376031413,
              33.446997785002935
            ],
            [
              -112.07898273718669,
              33.44610758090319
            ]
          ]
        ]
      }
    },
    {
      "id": "140",
      "type": "Feature",
      "properties": {
        "tile_id": 140,
        "average_temperature": 35.9532,
        "min_temperature": 29.1484,
        "max_temperature": 40.4868
      },
      "geometry": {
        "type": "Polygon",
        "coordinates": [
          [
            [
              -112.07791099849797,
              33.44611690267126
            ],
            [
              -112.07683925931626,
              33.446126215178886
            ],
            [
              -112.07685026055577,
              33.44701641990462
            ],
            [
              -112.07792201068146,
              33.44700710708414
            ],
            [
              -112.07791099849797,
              33.44611690267126
            ]
          ]
        ]
      }
    },
    {
      "id": "141",
      "type": "Feature",
      "properties": {
        "tile_id": 141,
        "average_temperature": 35.9713,
        "min_temperature": 29.1892,
        "max_temperature": 40.485
      },
      "geometry": {
        "type": "Polygon",
        "coordinates": [
          [
            [
              -112.07683925931626,
              33.446126215178886
            ],
            [
              -112.07576751964201,
              33.446135518426075
            ],
            [
              -112.07577850993754,
              33.447025723464336
            ],
            [
              -112.07685026055577,
              33.44701641990462
            ],
            [
              -112.07683925931626,
              33.446126215178886
            ]
          ]
        ]
      }
    },
    {
      "id": "142",
      "type": "Feature",
      "properties": {
        "tile_id": 142,
        "average_temperature": 35.9937,
        "min_temperature": 29.24,
        "max_temperature": 40.4828
      },
      "geometry": {
        "type": "Polygon",
        "coordinates": [
          [
            [
              -112.07576751964201,
              33.446135518426075
            ],
            [
              -112.07469577947575,
              33.44614481241282
            ],
            [
              -112.07470675882726,
              33.44703501776329
            ],
            [
              -112.07577850993754,
              33.447025723464336
            ],
            [
              -112.07576751964201,
              33.446135518426075
            ]
          ]
        ]
      }
    },
    {
      "id": "143",
      "type": "Feature",
      "properties": {
        "tile_id": 143,
        "average_temperature": 36.0195,
        "min_temperature": 29.2985,
        "max_temperature": 40.4802
      },
      "geometry": {
        "type": "Polygon",
        "coordinates": [
          [
            [
              -112.07469577947575,
              33.44614481241282
            ],
            [
              -112.07362403881794,
              33.446154097139086
            ],
            [
              -112.07363500722542,
              33.44704430280146
            ],
            [
              -112.07470675882726,
              33.44703501776329
            ],
            [
              -112.07469577947575,
              33.44614481241282
            ]
          ]
        ]
      }
    },
    {
      "id": "144",
      "type": "Feature",
      "properties": {
        "tile_id": 144,
        "average_temperature": 36.0476,
        "min_temperature": 29.3624,
        "max_temperature": 40.4774
      },
      "geometry": {
        "type": "Polygon",
        "coordinates": [
          [
            [
              -112.07362403881794,
              33.446154097139086
            ],
            [
              -112.07255229766908,
              33.446163372604865
            ],
            [
              -112.07256325513251,
              33.44705357857884
            ],
            [
              -112.07363500722542,
              33.44704430280146
            ],
            [
              -112.07362403881794,
              33.446154097139086
            ]
          ]
        ]
      }
    },
    {
      "id": "145",
      "type": "Feature",
      "properties": {
        "tile_id": 145,
        "average_temperature": 36.0772,
        "min_temperature": 29.4296,
        "max_temperature": 40.4745
      },
      "geometry": {
        "type": "Polygon",
        "coordinates": [
          [
            [
              -112.07255229766908,
              33.446163372604865
            ],
            [
              -112.07148055602966,
              33.446172638810154
            ],
            [
              -112.07149150254902,
              33.4470628450954
            ],
            [
              -112.07256325513251,
              33.44705357857884
            ],
            [
              -112.07255229766908,
              33.446163372604865
            ]
          ]
        ]
      }
    },
    {
      "id": "146",
      "type": "Feature",
      "properties": {
        "tile_id": 146,
        "average_temperature": 36.1072,
        "min_temperature": 29.4978,
        "max_temperature": 40.4716
      },
      "geometry": {
        "type": "Polygon",
        "coordinates": [
          [
            [
              -112.07148055602966,
              33.446172638810154
            ],
            [
              -112.07040881390017,
              33.44618189575493
            ],
            [
              -112.07041974947543,
              33.44707210235114
            ],
            [
              -112.07149150254902,
              33.4470628450954
            ],
            [
              -112.07148055602966,
              33.446172638810154
            ]
          ]
        ]
      }
    },
    {
      "id": "147",
      "type": "Feature",
      "properties": {
        "tile_id": 147,
        "average_temperature": 36.1367,
        "min_temperature": 29.5648,
        "max_temperature": 40.4687
      },
      "geometry": {
        "type": "Polygon",
        "coordinates": [
          [
            [
              -112.07040881390017,
              33.44618189575493
            ],
            [
              -112.0693370712811,
              33.44619114343918
            ],
            [
              -112.06934799591225,
              33.44708135034605
            ],
            [
              -112.07041974947543,
              33.44707210235114
            ],
            [
              -112.07040881390017,
              33.44618189575493
            ]
          ]
        ]
      }
    },
    {
      "id": "148",
      "type": "Feature",
      "properties": {
        "tile_id": 148,
        "average_temperature": 36.1646,
        "min_temperature": 29.6283,
        "max_temperature": 40.4659
      },
      "geometry": {
        "type": "Polygon",
        "coordinates": [
          [
            [
              -112.0693370712811,
              33.44619114343918
            ],
            [
              -112.06826532817294,
              33.44620038186289
            ],
            [
              -112.06827624185995,
              33.44709058908011
            ],
            [
              -112.06934799591225,
              33.44708135034605
            ],
            [
              -112.0693370712811,
              33.44619114343918
            ]
          ]
        ]
      }
    },
    {
      "id": "149",
      "type": "Feature",
      "properties": {
        "tile_id": 149,
        "average_temperature": 36.1901,
        "min_temperature": 29.6862,
        "max_temperature": 40.4634
      },
      "geometry": {
        "type": "Polygon",
        "coordinates": [
          [
            [
              -112.06826532817294,
              33.44620038186289
            ],
            [
              -112.06719358457617,
              33.446209611026035
            ],
            [
              -112.06720448731905,
              33.447099818553305
            ],
            [
              -112.06827624185995,
              33.44709058908011
            ],
            [
              -112.06826532817294,
              33.44620038186289
            ]
          ]
        ]
      }
    },
    {
      "id": "150",
      "type": "Feature",
      "properties": {
        "tile_id": 150,
        "average_temperature": 36.2121,
        "min_temperature": 29.7362,
        "max_temperature": 40.4613
      },
      "geometry": {
        "type": "Polygon",
        "coordinates": [
          [
            [
              -112.06719358457617,
              33.446209611026035
            ],
            [
              -112.0661218404913,
              33.44621883092862
            ],
            [
              -112.06613273228999,
              33.44710903876562
            ],
            [
              -112.06720448731905,
              33.447099818553305
            ],
            [
              -112.06719358457617,
              33.446209611026035
            ]
          ]
        ]
      }
    },
    {
      "id": "151",
      "type": "Feature",
      "properties": {
        "tile_id": 151,
        "average_temperature": 36.2296,
        "min_temperature": 29.7761,
        "max_temperature": 40.4595
      },
      "geometry": {
        "type": "Polygon",
        "coordinates": [
          [
            [
              -112.0661218404913,
              33.44621883092862
            ],
            [
              -112.0650500959188,
              33.446228041570635
            ],
            [
              -112.0650609767733,
              33.447118249717036
            ],
            [
              -112.06613273228999,
              33.44710903876562
            ],
            [
              -112.0661218404913,
              33.44621883092862
            ]
          ]
        ]
      }
    },
    {
      "id": "152",
      "type": "Feature",
      "properties": {
        "tile_id": 152,
        "average_temperature": 35.9426,
        "min_temperature": 29.1088,
        "max_temperature": 40.487
      },
      "geometry": {
        "type": "Polygon",
        "coordinates": [
          [
            [
              -112.08542424772905,
              33.44694165804102
            ],
            [
              -112.08435250106486,
              33.44695103568635
            ],
            [
              -112.08436357939863,
              33.44784123808442
            ],
            [
              -112.08543533700715,
              33.447831860124076
            ],
            [
              -112.08542424772905,
              33.44694165804102
            ]
          ]
        ]
      }
    },
    {
      "id": "153",
      "type": "Feature",
      "properties": {
        "tile_id": 153,
        "average_temperature": 35.9371,
        "min_temperature": 29.0958,
        "max_temperature": 40.4874
      },
      "geometry": {
        "type": "Polygon",
        "coordinates": [
          [
            [
              -112.08435250106486,
              33.44695103568635
            ],
            [
              -112.08328075390469,
              33.446960404071014
            ],
            [
              -112.08329182129414,
              33.447850606783824
            ],
            [
              -112.08436357939863,
              33.44784123808442
            ],
            [
              -112.08435250106486,
              33.44695103568635
            ]
          ]
        ]
      }
    },
    {
      "id": "154",
      "type": "Feature",
      "properties": {
        "tile_id": 154,
        "average_temperature": 35.9335,
        "min_temperature": 29.0872,
        "max_temperature": 40.4877
      },
      "geometry": {
        "type": "Polygon",
        "coordinates": [
          [
            [
              -112.08328075390469,
              33.446960404071014
            ],
            [
              -112.08220900624904,
              33.44696976319503
            ],
            [
              -112.08222006269413,
              33.447859966222225
            ],
            [
              -112.08329182129414,
              33.447850606783824
            ],
            [
              -112.08328075390469,
              33.446960404071014
            ]
          ]
        ]
      }
    },
    {
      "id": "155",
      "type": "Feature",
      "properties": {
        "tile_id": 155,
        "average_temperature": 35.9323,
        "min_temperature": 29.084,
        "max_temperature": 40.4877
      },
      "geometry": {
        "type": "Polygon",
        "coordinates": [
          [
            [
              -112.08220900624904,
              33.44696976319503
            ],
            [
              -112.08113725809841,
              33.44697911305837
            ],
            [
              -112.08114830359915,
              33.447869316399654
            ],
            [
              -112.08222006269413,
              33.447859966222225
            ],
            [
              -112.08220900624904,
              33.44696976319503
            ]
          ]
        ]
      }
    },
    {
      "id": "156",
      "type": "Feature",
      "properties": {
        "tile_id": 156,
        "average_temperature": 35.9339,
        "min_temperature": 29.0874,
        "max_temperature": 40.4875
      },
      "geometry": {
        "type": "Polygon",
        "coordinates": [
          [
            [
              -112.08113725809841,
              33.44697911305837
            ],
            [
              -112.08006550945328,
              33.446988453661014
            ],
            [
              -112.08007654400961,
              33.44787865731607
            ],
            [
              -112.08114830359915,
              33.447869316399654
            ],
            [
              -112.08113725809841,
              33.44697911305837
            ]
          ]
        ]
      }
    },
    {
      "id": "157",
      "type": "Feature",
      "properties": {
        "tile_id": 157,
        "average_temperature": 35.9387,
        "min_temperature": 29.0985,
        "max_temperature": 40.487
      },
      "geometry": {
        "type": "Polygon",
        "coordinates": [
          [
            [
              -112.08006550945328,
              33.446988453661014
            ],
            [
              -112.07899376031413,
              33.446997785002935
            ],
            [
              -112.07900478392607,
              33.447887988971466
            ],
            [
              -112.08007654400961,
              33.44787865731607
            ],
            [
              -112.08006550945328,
              33.446988453661014
            ]
          ]
        ]
      }
    },
    {
      "id": "158",
      "type": "Feature",
      "properties": {
        "tile_id": 158,
        "average_temperature": 35.9474,
        "min_temperature": 29.1185,
        "max_temperature": 40.4861
      },
      "geometry": {
        "type": "Polygon",
        "coordinates": [
          [
            [
              -112.07899376031413,
              33.446997785002935
            ],
            [
              -112.07792201068146,
              33.44700710708414
            ],
            [
              -112.07793302334896,
              33.44789731136582
            ],
            [
              -112.07900478392607,
              33.447887988971466
            ],
            [
              -112.07899376031413,
              33.446997785002935
            ]
          ]
        ]
      }
    },
    {
      "id": "159",
      "type": "Feature",
      "properties": {
        "tile_id": 159,
        "average_temperature": 35.9603,
        "min_temperature": 29.1483,
        "max_temperature": 40.4849
      },
      "geometry": {
        "type": "Polygon",
        "coordinates": [
          [
            [
              -112.07792201068146,
              33.44700710708414
            ],
            [
              -112.07685026055577,
              33.44701641990462
            ],
            [
              -112.07686126227883,
              33.44790662449914
            ],
            [
              -112.07793302334896,
              33.44789731136582
            ],
            [
              -112.07792201068146,
              33.44700710708414
            ]
          ]
        ]
      }
    },
    {
      "id": "160",
      "type": "Feature",
      "properties": {
        "tile_id": 160,
        "average_temperature": 35.9778,
        "min_temperature": 29.1891,
        "max_temperature": 40.4832
      },
      "geometry": {
        "type": "Polygon",
        "coordinates": [
          [
            [
              -112.07685026055577,
              33.44701641990462
            ],
            [
              -112.07577850993754,
              33.447025723464336
            ],
            [
              -112.07578950071611,
              33.447915928371394
            ],
            [
              -112.07686126227883,
              33.44790662449914
            ],
            [
              -112.07685026055577,
              33.44701641990462
            ]
          ]
        ]
      }
    },
    {
      "id": "161",
      "type": "Feature",
      "properties": {
        "tile_id": 161,
        "average_temperature": 35.9996,
        "min_temperature": 29.2398,
        "max_temperature": 40.4811
      },
      "geometry": {
        "type": "Polygon",
        "coordinates": [
          [
            [
              -112.07577850993754,
              33.447025723464336
            ],
            [
              -112.07470675882726,
              33.44703501776329
            ],
            [
              -112.07471773866135,
              33.44792522298256
            ],
            [
              -112.07578950071611,
              33.447915928371394
            ],
            [
              -112.07577850993754,
              33.447025723464336
            ]
          ]
        ]
      }
    },
    {
      "id": "162",
      "type": "Feature",
      "properties": {
        "tile_id": 162,
        "average_temperature": 36.0246,
        "min_temperature": 29.2982,
        "max_temperature": 40.4788
      },
      "geometry": {
        "type": "Polygon",
        "coordinates": [
          [
            [
              -112.07470675882726,
              33.44703501776329
            ],
            [
              -112.07363500722542,
              33.44704430280146
            ],
            [
              -112.07364597611499,
              33.44793450833264
            ],
            [
              -112.07471773866135,
              33.44792522298256
            ],
            [
              -112.07470675882726,
              33.44703501776329
            ]
          ]
        ]
      }
    },
    {
      "id": "163",
      "type": "Feature",
      "properties": {
        "tile_id": 163,
        "average_temperature": 36.052,
        "min_temperature": 29.362,
        "max_temperature": 40.4762
      },
      "geometry": {
        "type": "Polygon",
        "coordinates": [
          [
            [
              -112.07363500722542,
              33.44704430280146
            ],
            [
              -112.07256325513251,
              33.44705357857884
            ],
            [
              -112.07257421307754,
              33.447943784421625
            ],
            [
              -112.07364597611499,
              33.44793450833264
            ],
            [
              -112.07363500722542,
              33.44704430280146
            ]
          ]
        ]
      }
    },
    {
      "id": "164",
      "type": "Feature",
      "properties": {
        "tile_id": 164,
        "average_temperature": 36.0808,
        "min_temperature": 29.4292,
        "max_temperature": 40.4735
      },
      "geometry": {
        "type": "Polygon",
        "coordinates": [
          [
            [
              -112.07256325513251,
              33.44705357857884
            ],
            [
              -112.07149150254902,
              33.4470628450954
            ],
            [
              -112.0715024495495,
              33.44795305124948
            ],
            [
              -112.07257421307754,
              33.447943784421625
            ],
            [
              -112.07256325513251,
              33.44705357857884
            ]
          ]
        ]
      }
    },
    {
      "id": "165",
      "type": "Feature",
      "properties": {
        "tile_id": 165,
        "average_temperature": 36.11,
        "min_temperature": 29.4974,
        "max_temperature": 40.4708
      },
      "geometry": {
        "type": "Polygon",
        "coordinates": [
          [
            [
              -112.07149150254902,
              33.4470628450954
            ],
            [
              -112.07041974947543,
              33.44707210235114
            ],
            [
              -112.07043068553135,
              33.4479623088162
            ],
            [
              -112.0715024495495,
              33.44795305124948
            ],
            [
              -112.07149150254902,
              33.4470628450954
            ]
          ]
        ]
      }
    },
    {
      "id": "166",
      "type": "Feature",
      "properties": {
        "tile_id": 166,
        "average_temperature": 36.1387,
        "min_temperature": 29.5644,
        "max_temperature": 40.4681
      },
      "geometry": {
        "type": "Polygon",
        "coordinates": [
          [
            [
              -112.07041974947543,
              33.44707210235114
            ],
            [
              -112.06934799591225,
              33.44708135034605
            ],
            [
              -112.06935892102355,
              33.44797155712178
            ],
            [
              -112.07043068553135,
              33.4479623088162
            ],
            [
              -112.07041974947543,
              33.44707210235114
            ]
          ]
        ]
      }
    },
    {
      "id": "167",
      "type": "Feature",
      "properties": {
        "tile_id": 167,
        "average_temperature": 36.166,
        "min_temperature": 29.628,
        "max_temperature": 40.4656
      },
      "geometry": {
        "type": "Polygon",
        "coordinates": [
          [
            [
              -112.06934799591225,
              33.44708135034605
            ],
            [
              -112.06827624185995,
              33.44709058908011
            ],
            [
              -112.06828715602664,
              33.447980796166185
            ],
            [
              -112.06935892102356,
              33.44797155712178
            ],
            [
              -112.06934799591225,
              33.44708135034605
            ]
          ]
        ]
      }
    },
    {
      "id": "168",
      "type": "Feature",
      "properties": {
        "tile_id": 168,
        "average_temperature": 36.1908,
        "min_temperature": 29.6859,
        "max_temperature": 40.4633
      },
      "geometry": {
        "type": "Polygon",
        "coordinates": [
          [
            [
              -112.06827624185995,
              33.44709058908011
            ],
            [
              -112.06720448731905,
              33.447099818553305
            ],
            [
              -112.06721539054111,
              33.44799002594943
            ],
            [
              -112.06828715602664,
              33.447980796166185
            ],
            [
              -112.06827624185995,
              33.44709058908011
            ]
          ]
        ]
      }
    },
    {
      "id": "169",
      "type": "Feature",
      "properties": {
        "tile_id": 169,
        "average_temperature": 36.2122,
        "min_temperature": 29.736,
        "max_temperature": 40.4613
      },
      "geometry": {
        "type": "Polygon",
        "coordinates": [
          [
            [
              -112.06720448731905,
              33.447099818553305
            ],
            [
              -112.06613273228999,
              33.44710903876562
            ],
            [
              -112.0661436245674,
              33.44799924647146
            ],
            [
              -112.06721539054111,
              33.44799002594943
            ],
            [
              -112.06720448731905,
              33.447099818553305
            ]
          ]
        ]
      }
    },
    {
      "id": "170",
      "type": "Feature",
      "properties": {
        "tile_id": 170,
        "average_temperature": 36.2293,
        "min_temperature": 29.776,
        "max_temperature": 40.4596
      },
      "geometry": {
        "type": "Polygon",
        "coordinates": [
          [
            [
              -112.06613273228999,
              33.44710903876562
            ],
            [
              -112.0650609767733,
              33.447118249717036
            ],
            [
              -112.06507185810604,
              33.44800845773231
            ],
            [
              -112.0661436245674,
              33.44799924647146
            ],
            [
              -112.06613273228999,
              33.44710903876562
            ]
          ]
        ]
      }
    },
    {
      "id": "171",
      "type": "Feature",
      "properties": {
        "tile_id": 171,
        "average_temperature": 35.947,
        "min_temperature": 29.1091,
        "max_temperature": 40.4857
      },
      "geometry": {
        "type": "Polygon",
        "coordinates": [
          [
            [
              -112.08543533700715,
              33.447831860124076
            ],
            [
              -112.08436357939863,
              33.44784123808442
            ],
            [
              -112.08437465821933,
              33.44873144035126
            ],
            [
              -112.08544642677262,
              33.44872206207588
            ],
            [
              -112.08543533700715,
              33.447831860124076
            ]
          ]
        ]
      }
    },
    {
      "id": "172",
      "type": "Feature",
      "properties": {
        "tile_id": 172,
        "average_temperature": 35.9416,
        "min_temperature": 29.0961,
        "max_temperature": 40.4862
      },
      "geometry": {
        "type": "Polygon",
        "coordinates": [
          [
            [
              -112.08436357939863,
              33.44784123808442
            ],
            [
              -112.08329182129414,
              33.447850606783824
            ],
            [
              -112.08330288917003,
              33.44874080936537
            ],
            [
              -112.08437465821933,
              33.44873144035126
            ],
            [
              -112.08436357939863,
              33.44784123808442
            ]
          ]
        ]
      }
    },
    {
      "id": "173",
      "type": "Feature",
      "properties": {
        "tile_id": 173,
        "average_temperature": 35.938,
        "min_temperature": 29.0874,
        "max_temperature": 40.4865
      },
      "geometry": {
        "type": "Polygon",
        "coordinates": [
          [
            [
              -112.08329182129414,
              33.447850606783824
            ],
            [
              -112.08222006269413,
              33.447859966222225
            ],
            [
              -112.08223111962519,
              33.44875016911819
            ],
            [
              -112.08330288917003,
              33.44874080936537
            ],
            [
              -112.08329182129414,
              33.447850606783824
            ]
          ]
        ]
      }
    },
    {
      "id": "174",
      "type": "Feature",
      "properties": {
        "tile_id": 174,
        "average_temperature": 35.9367,
        "min_temperature": 29.0842,
        "max_temperature": 40.4865
      },
      "geometry": {
        "type": "Polygon",
        "coordinates": [
          [
            [
              -112.08222006269413,
              33.447859966222225
            ],
            [
              -112.08114830359915,
              33.447869316399654
            ],
            [
              -112.08115934958533,
              33.4487595196097
            ],
            [
              -112.08223111962519,
              33.44875016911819
            ],
            [
              -112.08222006269413,
              33.447859966222225
            ]
          ]
        ]
      }
    },
    {
      "id": "175",
      "type": "Feature",
      "properties": {
        "tile_id": 175,
        "average_temperature": 35.9382,
        "min_temperature": 29.0875,
        "max_temperature": 40.4863
      },
      "geometry": {
        "type": "Polygon",
        "coordinates": [
          [
            [
              -112.08114830359915,
              33.447869316399654
            ],
            [
              -112.08007654400961,
              33.44787865731607
            ],
            [
              -112.08008757905094,
              33.448768860839905
            ],
            [
              -112.08115934958533,
              33.4487595196097
            ],
            [
              -112.08114830359915,
              33.447869316399654
            ]
          ]
        ]
      }
    },
    {
      "id": "176",
      "type": "Feature",
      "properties": {
        "tile_id": 176,
        "average_temperature": 35.9429,
        "min_temperature": 29.0986,
        "max_temperature": 40.4859
      },
      "geometry": {
        "type": "Polygon",
        "coordinates": [
          [
            [
              -112.08007654400961,
              33.44787865731607
            ],
            [
              -112.07900478392607,
              33.447887988971466
            ],
            [
              -112.0790158080225,
              33.44877819280877
            ],
            [
              -112.08008757905094,
              33.448768860839905
            ],
            [
              -112.08007654400961,
              33.44787865731607
            ]
          ]
        ]
      }
    },
    {
      "id": "177",
      "type": "Feature",
      "properties": {
        "tile_id": 177,
        "average_temperature": 35.9513,
        "min_temperature": 29.1184,
        "max_temperature": 40.4851
      },
      "geometry": {
        "type": "Polygon",
        "coordinates": [
          [
            [
              -112.07900478392607,
              33.447887988971466
            ],
            [
              -112.07793302334896,
              33.44789731136582
            ],
            [
              -112.0779440365005,
              33.44878751551629
            ],
            [
              -112.0790158080225,
              33.44877819280877
            ],
            [
              -112.07900478392607,
              33.447887988971466
            ]
          ]
        ]
      }
    },
    {
      "id": "178",
      "type": "Feature",
      "properties": {
        "tile_id": 178,
        "average_temperature": 35.9639,
        "min_temperature": 29.1482,
        "max_temperature": 40.4839
      },
      "geometry": {
        "type": "Polygon",
        "coordinates": [
          [
            [
              -112.07793302334896,
              33.44789731136582
            ],
            [
              -112.07686126227883,
              33.44790662449914
            ],
            [
              -112.07687226448542,
              33.44879682896246
            ],
            [
              -112.0779440365005,
              33.44878751551629
            ],
            [
              -112.07793302334896,
              33.44789731136582
            ]
          ]
        ]
      }
    },
    {
      "id": "179",
      "type": "Feature",
      "properties": {
        "tile_id": 179,
        "average_temperature": 35.9811,
        "min_temperature": 29.1888,
        "max_temperature": 40.4823
      },
      "geometry": {
        "type": "Polygon",
        "coordinates": [
          [
            [
              -112.07686126227883,
              33.44790662449914
            ],
            [
              -112.07578950071611,
              33.447915928371394
            ],
            [
              -112.07580049197776,
              33.448806133147244
            ],
            [
              -112.07687226448542,
              33.44879682896246
            ],
            [
              -112.07686126227883,
              33.44790662449914
            ]
          ]
        ]
      }
    },
    {
      "id": "180",
      "type": "Feature",
      "properties": {
        "tile_id": 180,
        "average_temperature": 36.0025,
        "min_temperature": 29.2394,
        "max_temperature": 40.4804
      },
      "geometry": {
        "type": "Polygon",
        "coordinates": [
          [
            [
              -112.07578950071611,
              33.447915928371394
            ],
            [
              -112.07471773866135,
              33.44792522298256
            ],
            [
              -112.07472871897802,
              33.44881542807064
            ],
            [
              -112.07580049197776,
              33.448806133147244
            ],
            [
              -112.07578950071611,
              33.447915928371394
            ]
          ]
        ]
      }
    },
    {
      "id": "181",
      "type": "Feature",
      "properties": {
        "tile_id": 181,
        "average_temperature": 36.0271,
        "min_temperature": 29.2977,
        "max_temperature": 40.4781
      },
      "geometry": {
        "type": "Polygon",
        "coordinates": [
          [
            [
              -112.07471773866135,
              33.44792522298256
            ],
            [
              -112.07364597611499,
              33.44793450833264
            ],
            [
              -112.07365694548666,
              33.44882471373264
            ],
            [
              -112.07472871897802,
              33.44881542807064
            ],
            [
              -112.07471773866135,
              33.44792522298256
            ]
          ]
        ]
      }
    },
    {
      "id": "182",
      "type": "Feature",
      "properties": {
        "tile_id": 182,
        "average_temperature": 36.0541,
        "min_temperature": 29.3615,
        "max_temperature": 40.4757
      },
      "geometry": {
        "type": "Polygon",
        "coordinates": [
          [
            [
              -112.07364597611499,
              33.44793450833264
            ],
            [
              -112.07257421307754,
              33.447943784421625
            ],
            [
              -112.0725851715042,
              33.448833990133224
            ],
            [
              -112.07365694548666,
              33.44882471373264
            ],
            [
              -112.07364597611499,
              33.44793450833264
            ]
          ]
        ]
      }
    },
    {
      "id": "183",
      "type": "Feature",
      "properties": {
        "tile_id": 183,
        "average_temperature": 36.0825,
        "min_temperature": 29.4287,
        "max_temperature": 40.4731
      },
      "geometry": {
        "type": "Polygon",
        "coordinates": [
          [
            [
              -112.07257421307754,
              33.447943784421625
            ],
            [
              -112.0715024495495,
              33.44795305124948
            ],
            [
              -112.07151339703113,
              33.44884325727237
            ],
            [
              -112.0725851715042,
              33.448833990133224
            ],
            [
              -112.07257421307754,
              33.447943784421625
            ]
          ]
        ]
      }
    },
    {
      "id": "184",
      "type": "Feature",
      "properties": {
        "tile_id": 184,
        "average_temperature": 36.1113,
        "min_temperature": 29.4969,
        "max_temperature": 40.4705
      },
      "geometry": {
        "type": "Polygon",
        "coordinates": [
          [
            [
              -112.0715024495495,
              33.44795305124948
            ],
            [
              -112.07043068553135,
              33.4479623088162
            ],
            [
              -112.07044162206792,
              33.44885251515007
            ],
            [
              -112.07151339703113,
              33.44884325727237
            ],
            [
              -112.0715024495495,
              33.44795305124948
            ]
          ]
        ]
      }
    },
    {
      "id": "185",
      "type": "Feature",
      "properties": {
        "tile_id": 185,
        "average_temperature": 36.1396,
        "min_temperature": 29.5639,
        "max_temperature": 40.4679
      },
      "geometry": {
        "type": "Polygon",
        "coordinates": [
          [
            [
              -112.07043068553135,
              33.4479623088162
            ],
            [
              -112.06935892102355,
              33.44797155712178
            ],
            [
              -112.06936984661506,
              33.448861763766324
            ],
            [
              -112.07044162206792,
              33.44885251515007
            ],
            [
              -112.07043068553135,
              33.4479623088162
            ]
          ]
        ]
      }
    },
    {
      "id": "186",
      "type": "Feature",
      "properties": {
        "tile_id": 186,
        "average_temperature": 36.1665,
        "min_temperature": 29.6275,
        "max_temperature": 40.4655
      },
      "geometry": {
        "type": "Polygon",
        "coordinates": [
          [
            [
              -112.06935892102356,
              33.44797155712178
            ],
            [
              -112.06828715602664,
              33.447980796166185
            ],
            [
              -112.06829807067305,
              33.448871003121106
            ],
            [
              -112.06936984661506,
              33.448861763766324
            ],
            [
              -112.06935892102356,
              33.44797155712178
            ]
          ]
        ]
      }
    },
    {
      "id": "187",
      "type": "Feature",
      "properties": {
        "tile_id": 187,
        "average_temperature": 36.191,
        "min_temperature": 29.6855,
        "max_temperature": 40.4632
      },
      "geometry": {
        "type": "Polygon",
        "coordinates": [
          [
            [
              -112.06828715602664,
              33.447980796166185
            ],
            [
              -112.06721539054111,
              33.44799002594943
            ],
            [
              -112.06722629424239,
              33.44888023321439
            ],
            [
              -112.06829807067305,
              33.448871003121106
            ],
            [
              -112.06828715602664,
              33.447980796166185
            ]
          ]
        ]
      }
    },
    {
      "id": "188",
      "type": "Feature",
      "properties": {
        "tile_id": 188,
        "average_temperature": 36.2122,
        "min_temperature": 29.7357,
        "max_temperature": 40.4613
      },
      "geometry": {
        "type": "Polygon",
        "coordinates": [
          [
            [
              -112.06721539054111,
              33.44799002594943
            ],
            [
              -112.0661436245674,
              33.44799924647146
            ],
            [
              -112.06615451732355,
              33.448889454046174
            ],
            [
              -112.06722629424239,
              33.44888023321439
            ],
            [
              -112.06721539054111,
              33.44799002594943
            ]
          ]
        ]
      }
    },
    {
      "id": "189",
      "type": "Feature",
      "properties": {
        "tile_id": 189,
        "average_temperature": 36.2292,
        "min_temperature": 29.7758,
        "max_temperature": 40.4597
      },
      "geometry": {
        "type": "Polygon",
        "coordinates": [
          [
            [
              -112.0661436245674,
              33.44799924647146
            ],
            [
              -112.06507185810604,
              33.44800845773231
            ],
            [
              -112.06508273991702,
              33.44889866561644
            ],
            [
              -112.06615451732355,
              33.448889454046174
            ],
            [
              -112.0661436245674,
              33.44799924647146
            ]
          ]
        ]
      }
    },
    {
      "id": "190",
      "type": "Feature",
      "properties": {
        "tile_id": 190,
        "average_temperature": 35.9454,
        "min_temperature": 29.1092,
        "max_temperature": 40.4862
      },
      "geometry": {
        "type": "Polygon",
        "coordinates": [
          [
            [
              -112.08544642677262,
              33.44872206207588
            ],
            [
              -112.08437465821933,
              33.44873144035126
            ],
            [
              -112.08438573752697,
              33.449621642486846
            ],
            [
              -112.08545751702553,
              33.44961226389643
            ],
            [
              -112.08544642677262,
              33.44872206207588
            ]
          ]
        ]
      }
    },
    {
      "id": "191",
      "type": "Feature",
      "properties": {
        "tile_id": 191,
        "average_temperature": 35.9398,
        "min_temperature": 29.0961,
        "max_temperature": 40.4867
      },
      "geometry": {
        "type": "Polygon",
        "coordinates": [
          [
            [
              -112.08437465821933,
              33.44873144035126
            ],
            [
              -112.08330288917003,
              33.44874080936537
            ],
            [
              -112.08331395753237,
              33.44963101181567
            ],
            [
              -112.08438573752697,
              33.449621642486846
            ],
            [
              -112.08437465821933,
              33.44873144035126
            ]
          ]
        ]
      }
    },
    {
      "id": "192",
      "type": "Feature",
      "properties": {
        "tile_id": 192,
        "average_temperature": 35.9361,
        "min_temperature": 29.0874,
        "max_temperature": 40.487
      },
      "geometry": {
        "type": "Polygon",
        "coordinates": [
          [
            [
              -112.08330288917003,
              33.44874080936537
            ],
            [
              -112.08223111962519,
              33.44875016911819
            ],
            [
              -112.08224217704223,
              33.44964037188289
            ],
            [
              -112.08331395753237,
              33.44963101181567
            ],
            [
              -112.08330288917003,
              33.44874080936537
            ]
          ]
        ]
      }
    },
    {
      "id": "193",
      "type": "Feature",
      "properties": {
        "tile_id": 193,
        "average_temperature": 35.9346,
        "min_temperature": 29.0841,
        "max_temperature": 40.4871
      },
      "geometry": {
        "type": "Polygon",
        "coordinates": [
          [
            [
              -112.08223111962519,
              33.44875016911819
            ],
            [
              -112.08115934958533,
              33.4487595196097
            ],
            [
              -112.08117039605705,
              33.449649722688505
            ],
            [
              -112.08224217704223,
              33.44964037188289
            ],
            [
              -112.08223111962519,
              33.44875016911819
            ]
          ]
        ]
      }
    },
    {
      "id": "194",
      "type": "Feature",
      "properties": {
        "tile_id": 194,
        "average_temperature": 35.936,
        "min_temperature": 29.0873,
        "max_temperature": 40.487
      },
      "geometry": {
        "type": "Polygon",
        "coordinates": [
          [
            [
              -112.08115934958533,
              33.4487595196097
            ],
            [
              -112.08008757905094,
              33.448768860839905
            ],
            [
              -112.0800986145773,
              33.4496590642325
            ],
            [
              -112.08117039605705,
              33.449649722688505
            ],
            [
              -112.08115934958533,
              33.4487595196097
            ]
          ]
        ]
      }
    },
    {
      "id": "195",
      "type": "Feature",
      "properties": {
        "tile_id": 195,
        "average_temperature": 35.9406,
        "min_temperature": 29.0983,
        "max_temperature": 40.4866
      },
      "geometry": {
        "type": "Polygon",
        "coordinates": [
          [
            [
              -112.08008757905094,
              33.448768860839905
            ],
            [
              -112.0790158080225,
              33.44877819280877
            ],
            [
              -112.07902683260349,
              33.44966839651484
            ],
            [
              -112.0800986145773,
              33.4496590642325
            ],
            [
              -112.08008757905094,
              33.448768860839905
            ]
          ]
        ]
      }
    },
    {
      "id": "196",
      "type": "Feature",
      "properties": {
        "tile_id": 196,
        "average_temperature": 35.949,
        "min_temperature": 29.118,
        "max_temperature": 40.4858
      },
      "geometry": {
        "type": "Polygon",
        "coordinates": [
          [
            [
              -112.0790158080225,
              33.44877819280877
            ],
            [
              -112.0779440365005,
              33.44878751551629
            ],
            [
              -112.07795505013608,
              33.44967771953553
            ],
            [
              -112.07902683260349,
              33.44966839651484
            ],
            [
              -112.0790158080225,
              33.44877819280877
            ]
          ]
        ]
      }
    },
    {
      "id": "197",
      "type": "Feature",
      "properties": {
        "tile_id": 197,
        "average_temperature": 35.9616,
        "min_temperature": 29.1477,
        "max_temperature": 40.4846
      },
      "geometry": {
        "type": "Polygon",
        "coordinates": [
          [
            [
              -112.0779440365005,
              33.44878751551629
            ],
            [
              -112.07687226448542,
              33.44879682896246
            ],
            [
              -112.07688326717559,
              33.44968703329455
            ],
            [
              -112.07795505013608,
              33.44967771953553
            ],
            [
              -112.0779440365005,
              33.44878751551629
            ]
          ]
        ]
      }
    },
    {
      "id": "198",
      "type": "Feature",
      "properties": {
        "tile_id": 198,
        "average_temperature": 35.9788,
        "min_temperature": 29.1882,
        "max_temperature": 40.483
      },
      "geometry": {
        "type": "Polygon",
        "coordinates": [
          [
            [
              -112.07687226448542,
              33.44879682896246
            ],
            [
              -112.07580049197776,
              33.448806133147244
            ],
            [
              -112.0758114837225,
              33.449696337791885
            ],
            [
              -112.07688326717559,
              33.44968703329455
            ],
            [
              -112.07687226448542,
              33.44879682896246
            ]
          ]
        ]
      }
    },
    {
      "id": "199",
      "type": "Feature",
      "properties": {
        "tile_id": 199,
        "average_temperature": 36.0003,
        "min_temperature": 29.2387,
        "max_temperature": 40.481
      },
      "geometry": {
        "type": "Polygon",
        "coordinates": [
          [
            [
              -112.07580049197776,
              33.448806133147244
            ],
            [
              -112.07472871897802,
              33.44881542807064
            ],
            [
              -112.0747396997773,
              33.44970563302751
            ],
            [
              -112.0758114837225,
              33.449696337791885
            ],
            [
              -112.07580049197776,
              33.448806133147244
            ]
          ]
        ]
      }
    },
    {
      "id": "200",
      "type": "Feature",
      "properties": {
        "tile_id": 200,
        "average_temperature": 36.0251,
        "min_temperature": 29.2969,
        "max_temperature": 40.4787
      },
      "geometry": {
        "type": "Polygon",
        "coordinates": [
          [
            [
              -112.07472871897802,
              33.44881542807064
            ],
            [
              -112.07365694548666,
              33.44882471373264
            ],
            [
              -112.07366791534047,
              33.449714919001444
            ],
            [
              -112.0747396997773,
              33.44970563302751
            ],
            [
              -112.07472871897802,
              33.44881542807064
            ]
          ]
        ]
      }
    },
    {
      "id": "201",
      "type": "Feature",
      "properties": {
        "tile_id": 201,
        "average_temperature": 36.0522,
        "min_temperature": 29.3607,
        "max_temperature": 40.4762
      },
      "geometry": {
        "type": "Polygon",
        "coordinates": [
          [
            [
              -112.07365694548666,
              33.44882471373264
            ],
            [
              -112.0725851715042,
              33.448833990133224
            ],
            [
              -112.0725961304125,
              33.449724195713635
            ],
            [
              -112.07366791534047,
              33.449714919001444
            ],
            [
              -112.07365694548666,
              33.44882471373264
            ]
          ]
        ]
      }
    },
    {
      "id": "202",
      "type": "Feature",
      "properties": {
        "tile_id": 202,
        "average_temperature": 36.0808,
        "min_temperature": 29.4278,
        "max_temperature": 40.4736
      },
      "geometry": {
        "type": "Polygon",
        "coordinates": [
          [
            [
              -112.0725851715042,
              33.448833990133224
            ],
            [
              -112.07151339703113,
              33.44884325727237
            ],
            [
              -112.07152434499392,
              33.44973346316408
            ],
            [
              -112.0725961304125,
              33.449724195713635
            ],
            [
              -112.0725851715042,
              33.448833990133224
            ]
          ]
        ]
      }
    },
    {
      "id": "203",
      "type": "Feature",
      "properties": {
        "tile_id": 203,
        "average_temperature": 36.1099,
        "min_temperature": 29.496,
        "max_temperature": 40.4709
      },
      "geometry": {
        "type": "Polygon",
        "coordinates": [
          [
            [
              -112.07151339703113,
              33.44884325727237
            ],
            [
              -112.07044162206792,
              33.44885251515007
            ],
            [
              -112.07045255908517,
              33.449742721352784
            ],
            [
              -112.07152434499392,
              33.44973346316408
            ],
            [
              -112.07151339703113,
              33.44884325727237
            ]
          ]
        ]
      }
    },
    {
      "id": "204",
      "type": "Feature",
      "properties": {
        "tile_id": 204,
        "average_temperature": 36.1385,
        "min_temperature": 29.5631,
        "max_temperature": 40.4682
      },
      "geometry": {
        "type": "Polygon",
        "coordinates": [
          [
            [
              -112.07044162206792,
              33.44885251515007
            ],
            [
              -112.06936984661506,
              33.448861763766324
            ],
            [
              -112.06938077268676,
              33.449751970279706
            ],
            [
              -112.07045255908517,
              33.449742721352784
            ],
            [
              -112.07044162206792,
              33.44885251515007
            ]
          ]
        ]
      }
    },
    {
      "id": "205",
      "type": "Feature",
      "properties": {
        "tile_id": 205,
        "average_temperature": 36.1657,
        "min_temperature": 29.6268,
        "max_temperature": 40.4657
      },
      "geometry": {
        "type": "Polygon",
        "coordinates": [
          [
            [
              -112.06936984661506,
              33.448861763766324
            ],
            [
              -112.06829807067305,
              33.448871003121106
            ],
            [
              -112.06830898579918,
              33.44976120994484
            ],
            [
              -112.06938077268676,
              33.449751970279706
            ],
            [
              -112.06936984661506,
              33.448861763766324
            ]
          ]
        ]
      }
    },
    {
      "id": "206",
      "type": "Feature",
      "properties": {
        "tile_id": 206,
        "average_temperature": 36.1905,
        "min_temperature": 29.6848,
        "max_temperature": 40.4634
      },
      "geometry": {
        "type": "Polygon",
        "coordinates": [
          [
            [
              -112.06829807067305,
              33.448871003121106
            ],
            [
              -112.06722629424239,
              33.44888023321439
            ],
            [
              -112.06723719842292,
              33.44977044034818
            ],
            [
              -112.06830898579919,
              33.44976120994484
            ],
            [
              -112.06829807067305,
              33.448871003121106
            ]
          ]
        ]
      }
    },
    {
      "id": "207",
      "type": "Feature",
      "properties": {
        "tile_id": 207,
        "average_temperature": 36.2119,
        "min_temperature": 29.7351,
        "max_temperature": 40.4614
      },
      "geometry": {
        "type": "Polygon",
        "coordinates": [
          [
            [
              -112.06722629424239,
              33.44888023321439
            ],
            [
              -112.06615451732355,
              33.448889454046174
            ],
            [
              -112.06616541055845,
              33.449779661489714
            ],
            [
              -112.06723719842292,
              33.44977044034818
            ],
            [
              -112.06722629424239,
              33.44888023321439
            ]
          ]
        ]
      }
    },
    {
      "id": "208",
      "type": "Feature",
      "properties": {
        "tile_id": 208,
        "average_temperature": 36.2291,
        "min_temperature": 29.7753,
        "max_temperature": 40.4598
      },
      "geometry": {
        "type": "Polygon",
        "coordinates": [
          [
            [
              -112.06615451732355,
              33.448889454046174
            ],
            [
              -112.06508273991702,
              33.44889866561644
            ],
            [
              -112.0650936222063,
              33.449788873369414
            ],
            [
              -112.06616541055845,
              33.449779661489714
            ],
            [
              -112.06615451732355,
              33.448889454046174
            ]
          ]
        ]
      }
    },
    {
      "id": "209",
      "type": "Feature",
      "properties": {
        "tile_id": 209,
        "average_temperature": 35.935,
        "min_temperature": 29.1088,
        "max_temperature": 40.4892
      },
      "geometry": {
        "type": "Polygon",
        "coordinates": [
          [
            [
              -112.08545751702553,
              33.44961226389643
            ],
            [
              -112.08438573752697,
              33.449621642486846
            ],
            [
              -112.08439681732155,
              33.45051184449115
            ],
            [
              -112.08546860776588,
              33.45050246558571
            ],
            [
              -112.08545751702553,
              33.44961226389643
            ]
          ]
        ]
      }
    },
    {
      "id": "210",
      "type": "Feature",
      "properties": {
        "tile_id": 210,
        "average_temperature": 35.9291,
        "min_temperature": 29.0957,
        "max_temperature": 40.4898
      },
      "geometry": {
        "type": "Polygon",
        "coordinates": [
          [
            [
              -112.08438573752697,
              33.449621642486846
            ],
            [
              -112.08331395753237,
              33.44963101181567
            ],
            [
              -112.08332502638119,
              33.45052121413471
            ],
            [
              -112.08439681732155,
              33.45051184449115
            ],
            [
              -112.08438573752697,
              33.449621642486846
            ]
          ]
        ]
      }
    },
    {
      "id": "211",
      "type": "Feature",
      "properties": {
        "tile_id": 211,
        "average_temperature": 35.925,
        "min_temperature": 29.0869,
        "max_temperature": 40.4902
      },
      "geometry": {
        "type": "Polygon",
        "coordinates": [
          [
            [
              -112.08331395753237,
              33.44963101181567
            ],
            [
              -112.08224217704223,
              33.44964037188289
            ],
            [
              -112.08225323494526,
              33.450530574516364
            ],
            [
              -112.08332502638119,
              33.45052121413471
            ],
            [
              -112.08331395753237,
              33.44963101181567
            ]
          ]
        ]
      }
    },
    {
      "id": "212",
      "type": "Feature",
      "properties": {
        "tile_id": 212,
        "average_temperature": 35.9234,
        "min_temperature": 29.0836,
        "max_temperature": 40.4903
      },
      "geometry": {
        "type": "Polygon",
        "coordinates": [
          [
            [
              -112.08224217704223,
              33.44964037188289
            ],
            [
              -112.08117039605705,
              33.449649722688505
            ],
            [
              -112.08118144301426,
              33.45053992563608
            ],
            [
              -112.08225323494526,
              33.450530574516364
            ],
            [
              -112.08224217704223,
              33.44964037188289
            ]
          ]
        ]
      }
    },
    {
      "id": "213",
      "type": "Feature",
      "properties": {
        "tile_id": 213,
        "average_temperature": 35.9246,
        "min_temperature": 29.0868,
        "max_temperature": 40.4902
      },
      "geometry": {
        "type": "Polygon",
        "coordinates": [
          [
            [
              -112.08117039605705,
              33.449649722688505
            ],
            [
              -112.0800986145773,
              33.4496590642325
            ],
            [
              -112.08010965058868,
              33.45054926749386
            ],
            [
              -112.08118144301426,
              33.45053992563608
            ],
            [
              -112.08117039605705,
              33.449649722688505
            ]
          ]
        ]
      }
    },
    {
      "id": "214",
      "type": "Feature",
      "properties": {
        "tile_id": 214,
        "average_temperature": 35.9293,
        "min_temperature": 29.0976,
        "max_temperature": 40.4898
      },
      "geometry": {
        "type": "Polygon",
        "coordinates": [
          [
            [
              -112.0800986145773,
              33.4496590642325
            ],
            [
              -112.07902683260349,
              33.44966839651484
            ],
            [
              -112.07903785766901,
              33.45055860008969
            ],
            [
              -112.08010965058868,
              33.45054926749386
            ],
            [
              -112.0800986145773,
              33.4496590642325
            ]
          ]
        ]
      }
    },
    {
      "id": "215",
      "type": "Feature",
      "properties": {
        "tile_id": 215,
        "average_temperature": 35.9378,
        "min_temperature": 29.1173,
        "max_temperature": 40.4889
      },
      "geometry": {
        "type": "Polygon",
        "coordinates": [
          [
            [
              -112.07902683260349,
              33.44966839651484
            ],
            [
              -112.07795505013608,
              33.44967771953553
            ],
            [
              -112.07796606425573,
              33.45056792342356
            ],
            [
              -112.07903785766901,
              33.45055860008969
            ],
            [
              -112.07902683260349,
              33.44966839651484
            ]
          ]
        ]
      }
    },
    {
      "id": "216",
      "type": "Feature",
      "properties": {
        "tile_id": 216,
        "average_temperature": 35.9508,
        "min_temperature": 29.1468,
        "max_temperature": 40.4877
      },
      "geometry": {
        "type": "Polygon",
        "coordinates": [
          [
            [
              -112.07795505013608,
              33.44967771953553
            ],
            [
              -112.07688326717559,
              33.44968703329455
            ],
            [
              -112.07689427034934,
              33.45057723749543
            ],
            [
              -112.07796606425573,
              33.45056792342356
            ],
            [
              -112.07795505013608,
              33.44967771953553
            ]
          ]
        ]
      }
    },
    {
      "id": "217",
      "type": "Feature",
      "properties": {
        "tile_id": 217,
        "average_temperature": 35.9686,
        "min_temperature": 29.1872,
        "max_temperature": 40.4859
      },
      "geometry": {
        "type": "Polygon",
        "coordinates": [
          [
            [
              -112.07688326717559,
              33.44968703329455
            ],
            [
              -112.0758114837225,
              33.449696337791885
            ],
            [
              -112.07582247595035,
              33.45058654230532
            ],
            [
              -112.07689427034934,
              33.45057723749543
            ],
            [
              -112.07688326717559,
              33.44968703329455
            ]
          ]
        ]
      }
    },
    {
      "id": "218",
      "type": "Feature",
      "properties": {
        "tile_id": 218,
        "average_temperature": 35.9908,
        "min_temperature": 29.2376,
        "max_temperature": 40.4837
      },
      "geometry": {
        "type": "Polygon",
        "coordinates": [
          [
            [
              -112.0758114837225,
              33.449696337791885
            ],
            [
              -112.0747396997773,
              33.44970563302751
            ],
            [
              -112.0747506810592,
              33.45059583785319
            ],
            [
              -112.07582247595035,
              33.45058654230532
            ],
            [
              -112.0758114837225,
              33.449696337791885
            ]
          ]
        ]
      }
    },
    {
      "id": "219",
      "type": "Feature",
      "properties": {
        "tile_id": 219,
        "average_temperature": 36.0165,
        "min_temperature": 29.2958,
        "max_temperature": 40.4811
      },
      "geometry": {
        "type": "Polygon",
        "coordinates": [
          [
            [
              -112.0747396997773,
              33.44970563302751
            ],
            [
              -112.07366791534047,
              33.449714919001444
            ],
            [
              -112.07367888567642,
              33.45060512413904
            ],
            [
              -112.0747506810592,
              33.45059583785319
            ],
            [
              -112.0747396997773,
              33.44970563302751
            ]
          ]
        ]
      }
    },
    {
      "id": "220",
      "type": "Feature",
      "properties": {
        "tile_id": 220,
        "average_temperature": 36.0447,
        "min_temperature": 29.3595,
        "max_temperature": 40.4783
      },
      "geometry": {
        "type": "Polygon",
        "coordinates": [
          [
            [
              -112.07366791534047,
              33.449714919001444
            ],
            [
              -112.0725961304125,
              33.449724195713635
            ],
            [
              -112.07260708980249,
              33.45061440116285
            ],
            [
              -112.07367888567642,
              33.45060512413904
            ],
            [
              -112.07366791534047,
              33.449714919001444
            ]
          ]
        ]
      }
    },
    {
      "id": "221",
      "type": "Feature",
      "properties": {
        "tile_id": 221,
        "average_temperature": 36.0745,
        "min_temperature": 29.4266,
        "max_temperature": 40.4753
      },
      "geometry": {
        "type": "Polygon",
        "coordinates": [
          [
            [
              -112.0725961304125,
              33.449724195713635
            ],
            [
              -112.07152434499392,
              33.44973346316408
            ],
            [
              -112.0715352934379,
              33.450623668924614
            ],
            [
              -112.07260708980249,
              33.45061440116285
            ],
            [
              -112.0725961304125,
              33.449724195713635
            ]
          ]
        ]
      }
    },
    {
      "id": "222",
      "type": "Feature",
      "properties": {
        "tile_id": 222,
        "average_temperature": 36.1047,
        "min_temperature": 29.4948,
        "max_temperature": 40.4723
      },
      "geometry": {
        "type": "Polygon",
        "coordinates": [
          [
            [
              -112.07152434499392,
              33.44973346316408
            ],
            [
              -112.07045255908517,
              33.449742721352784
            ],
            [
              -112.07046349658313,
              33.4506329274243
            ],
            [
              -112.0715352934379,
              33.450623668924614
            ],
            [
              -112.07152434499392,
              33.44973346316408
            ]
          ]
        ]
      }
    },
    {
      "id": "223",
      "type": "Feature",
      "properties": {
        "tile_id": 223,
        "average_temperature": 36.1345,
        "min_temperature": 29.5619,
        "max_temperature": 40.4693
      },
      "geometry": {
        "type": "Polygon",
        "coordinates": [
          [
            [
              -112.07045255908517,
              33.449742721352784
            ],
            [
              -112.06938077268676,
              33.449751970279706
            ],
            [
              -112.06939169923868,
              33.450642176661916
            ],
            [
              -112.07046349658313,
              33.4506329274243
            ],
            [
              -112.07045255908517,
              33.449742721352784
            ]
          ]
        ]
      }
    },
    {
      "id": "224",
      "type": "Feature",
      "properties": {
        "tile_id": 224,
        "average_temperature": 36.1629,
        "min_temperature": 29.6256,
        "max_temperature": 40.4664
      },
      "geometry": {
        "type": "Polygon",
        "coordinates": [
          [
            [
              -112.06938077268676,
              33.449751970279706
            ],
            [
              -112.06830898579918,
              33.44976120994484
            ],
            [
              -112.06831990140505,
              33.45065141663743
            ],
            [
              -112.06939169923868,
              33.450642176661916
            ],
            [
              -112.06938077268676,
              33.449751970279706
            ]
          ]
        ]
      }
    },
    {
      "id": "225",
      "type": "Feature",
      "properties": {
        "tile_id": 225,
        "average_temperature": 36.1888,
        "min_temperature": 29.6837,
        "max_temperature": 40.4638
      },
      "geometry": {
        "type": "Polygon",
        "coordinates": [
          [
            [
              -112.06830898579919,
              33.44976120994484
            ],
            [
              -112.06723719842292,
              33.44977044034818
            ],
            [
              -112.0672481030827,
              33.45066064735083
            ],
            [
              -112.06831990140505,
              33.45065141663743
            ],
            [
              -112.06830898579919,
              33.44976120994484
            ]
          ]
        ]
      }
    },
    {
      "id": "226",
      "type": "Feature",
      "properties": {
        "tile_id": 226,
        "average_temperature": 36.2112,
        "min_temperature": 29.7341,
        "max_temperature": 40.4615
      },
      "geometry": {
        "type": "Polygon",
        "coordinates": [
          [
            [
              -112.06723719842292,
              33.44977044034818
            ],
            [
              -112.06616541055845,
              33.449779661489714
            ],
            [
              -112.06617630427215,
              33.45066986880211
            ],
            [
              -112.0672481030827,
              33.45066064735083
            ],
            [
              -112.06723719842292,
              33.44977044034818
            ]
          ]
        ]
      }
    },
    {
      "id": "227",
      "type": "Feature",
      "properties": {
        "tile_id": 227,
        "average_temperature": 36.2293,
        "min_temperature": 29.7744,
        "max_temperature": 40.4597
      },
      "geometry": {
        "type": "Polygon",
        "coordinates": [
          [
            [
              -112.06616541055845,
              33.449779661489714
            ],
            [
              -112.0650936222063,
              33.449788873369414
            ],
            [
              -112.06510450497387,
              33.45067908099125
            ],
            [
              -112.06617630427215,
              33.45066986880211
            ],
            [
              -112.06616541055845,
              33.449779661489714
            ]
          ]
        ]
      }
    },
    {
      "id": "228",
      "type": "Feature",
      "properties": {
        "tile_id": 228,
        "average_temperature": 35.9133,
        "min_temperature": 29.108,
        "max_temperature": 40.4953
      },
      "geometry": {
        "type": "Polygon",
        "coordinates": [
          [
            [
              -112.08546860776588,
              33.45050246558571
            ],
            [
              -112.08439681732155,
              33.45051184449115
            ],
            [
              -112.08440789760313,
              33.45140204636422
            ],
            [
              -112.08547969899367,
              33.45139266714372
            ],
            [
              -112.08546860776588,
              33.45050246558571
            ]
          ]
        ]
      }
    },
    {
      "id": "229",
      "type": "Feature",
      "properties": {
        "tile_id": 229,
        "average_temperature": 35.9067,
        "min_temperature": 29.0949,
        "max_temperature": 40.4961
      },
      "geometry": {
        "type": "Polygon",
        "coordinates": [
          [
            [
              -112.08439681732155,
              33.45051184449115
            ],
            [
              -112.08332502638119,
              33.45052121413471
            ],
            [
              -112.0833360957165,
              33.45141141632251
            ],
            [
              -112.08440789760313,
              33.45140204636422
            ],
            [
              -112.08439681732155,
              33.45051184449115
            ]
          ]
        ]
      }
    },
    {
      "id": "230",
      "type": "Feature",
      "properties": {
        "tile_id": 230,
        "average_temperature": 35.9022,
        "min_temperature": 29.086,
        "max_temperature": 40.4966
      },
      "geometry": {
        "type": "Polygon",
        "coordinates": [
          [
            [
              -112.08332502638119,
              33.45052121413471
            ],
            [
              -112.08225323494526,
              33.450530574516364
            ],
            [
              -112.08226429333429,
              33.451420777018576
            ],
            [
              -112.0833360957165,
              33.45141141632251
            ],
            [
              -112.08332502638119,
              33.45052121413471
            ]
          ]
        ]
      }
    },
    {
      "id": "231",
      "type": "Feature",
      "properties": {
        "tile_id": 231,
        "average_temperature": 35.9003,
        "min_temperature": 29.0826,
        "max_temperature": 40.4969
      },
      "geometry": {
        "type": "Polygon",
        "coordinates": [
          [
            [
              -112.08225323494526,
              33.450530574516364
            ],
            [
              -112.08118144301426,
              33.45053992563608
            ],
            [
              -112.08119249045701,
              33.451430128452415
            ],
            [
              -112.08226429333429,
              33.451420777018576
            ],
            [
              -112.08225323494526,
              33.450530574516364
            ]
          ]
        ]
      }
    },
    {
      "id": "232",
      "type": "Feature",
      "properties": {
        "tile_id": 232,
        "average_temperature": 35.9014,
        "min_temperature": 29.0857,
        "max_temperature": 40.4968
      },
      "geometry": {
        "type": "Polygon",
        "coordinates": [
          [
            [
              -112.08118144301426,
              33.45053992563608
            ],
            [
              -112.08010965058868,
              33.45054926749386
            ],
            [
              -112.0801206870851,
              33.451439470624
            ],
            [
              -112.08119249045701,
              33.451430128452415
            ],
            [
              -112.08118144301426,
              33.45053992563608
            ]
          ]
        ]
      }
    },
    {
      "id": "233",
      "type": "Feature",
      "properties": {
        "tile_id": 233,
        "average_temperature": 35.9063,
        "min_temperature": 29.0965,
        "max_temperature": 40.4963
      },
      "geometry": {
        "type": "Polygon",
        "coordinates": [
          [
            [
              -112.08010965058868,
              33.45054926749386
            ],
            [
              -112.07903785766901,
              33.45055860008969
            ],
            [
              -112.07904888321912,
              33.45144880353332
            ],
            [
              -112.0801206870851,
              33.451439470624
            ],
            [
              -112.08010965058868,
              33.45054926749386
            ]
          ]
        ]
      }
    },
    {
      "id": "234",
      "type": "Feature",
      "properties": {
        "tile_id": 234,
        "average_temperature": 35.9153,
        "min_temperature": 29.116,
        "max_temperature": 40.4953
      },
      "geometry": {
        "type": "Polygon",
        "coordinates": [
          [
            [
              -112.07903785766901,
              33.45055860008969
            ],
            [
              -112.07796606425573,
              33.45056792342356
            ],
            [
              -112.07797707885948,
              33.45145812718036
            ],
            [
              -112.07904888321912,
              33.45144880353332
            ],
            [
              -112.07903785766901,
              33.45055860008969
            ]
          ]
        ]
      }
    },
    {
      "id": "235",
      "type": "Feature",
      "properties": {
        "tile_id": 235,
        "average_temperature": 35.9291,
        "min_temperature": 29.1454,
        "max_temperature": 40.4937
      },
      "geometry": {
        "type": "Polygon",
        "coordinates": [
          [
            [
              -112.07796606425573,
              33.45056792342356
            ],
            [
              -112.07689427034934,
              33.45057723749543
            ],
            [
              -112.0769052740067,
              33.4514674415651
            ],
            [
              -112.07797707885948,
              33.45145812718036
            ],
            [
              -112.07796606425573,
              33.45056792342356
            ]
          ]
        ]
      }
    },
    {
      "id": "236",
      "type": "Feature",
      "properties": {
        "tile_id": 236,
        "average_temperature": 35.9481,
        "min_temperature": 29.1857,
        "max_temperature": 40.4916
      },
      "geometry": {
        "type": "Polygon",
        "coordinates": [
          [
            [
              -112.07689427034934,
              33.45057723749543
            ],
            [
              -112.07582247595035,
              33.45058654230532
            ],
            [
              -112.07583346866132,
              33.451476746687554
            ],
            [
              -112.0769052740067,
              33.4514674415651
            ],
            [
              -112.07689427034934,
              33.45057723749543
            ]
          ]
        ]
      }
    },
    {
      "id": "237",
      "type": "Feature",
      "properties": {
        "tile_id": 237,
        "average_temperature": 35.972,
        "min_temperature": 29.236,
        "max_temperature": 40.4889
      },
      "geometry": {
        "type": "Polygon",
        "coordinates": [
          [
            [
              -112.07582247595035,
              33.45058654230532
            ],
            [
              -112.0747506810592,
              33.45059583785319
            ],
            [
              -112.07476166282376,
              33.45148604254767
            ],
            [
              -112.07583346866132,
              33.451476746687554
            ],
            [
              -112.07582247595035,
              33.45058654230532
            ]
          ]
        ]
      }
    },
    {
      "id": "238",
      "type": "Feature",
      "properties": {
        "tile_id": 238,
        "average_temperature": 35.9996,
        "min_temperature": 29.2941,
        "max_temperature": 40.4858
      },
      "geometry": {
        "type": "Polygon",
        "coordinates": [
          [
            [
              -112.0747506810592,
              33.45059583785319
            ],
            [
              -112.07367888567642,
              33.45060512413904
            ],
            [
              -112.07368985649454,
              33.45149532914545
            ],
            [
              -112.07476166282376,
              33.45148604254767
            ],
            [
              -112.0747506810592,
              33.45059583785319
            ]
          ]
        ]
      }
    },
    {
      "id": "239",
      "type": "Feature",
      "properties": {
        "tile_id": 239,
        "average_temperature": 36.03,
        "min_temperature": 29.3578,
        "max_temperature": 40.4824
      },
      "geometry": {
        "type": "Polygon",
        "coordinates": [
          [
            [
              -112.07367888567642,
              33.45060512413904
            ],
            [
              -112.07260708980249,
              33.45061440116285
            ],
            [
              -112.07261804967415,
              33.451504606480896
            ],
            [
              -112.07368985649454,
              33.45149532914545
            ],
            [
              -112.07367888567642,
              33.45060512413904
            ]
          ]
        ]
      }
    },
    {
      "id": "240",
      "type": "Feature",
      "properties": {
        "tile_id": 240,
        "average_temperature": 36.0621,
        "min_temperature": 29.4249,
        "max_temperature": 40.4788
      },
      "geometry": {
        "type": "Polygon",
        "coordinates": [
          [
            [
              -112.07260708980249,
              33.45061440116285
            ],
            [
              -112.0715352934379,
              33.450623668924614
            ],
            [
              -112.07154624236308,
              33.45151387455397
            ],
            [
              -112.07261804967415,
              33.451504606480896
            ],
            [
              -112.07260708980249,
              33.45061440116285
            ]
          ]
        ]
      }
    },
    {
      "id": "241",
      "type": "Feature",
      "properties": {
        "tile_id": 241,
        "average_temperature": 36.0947,
        "min_temperature": 29.4931,
        "max_temperature": 40.475
      },
      "geometry": {
        "type": "Polygon",
        "coordinates": [
          [
            [
              -112.0715352934379,
              33.450623668924614
            ],
            [
              -112.07046349658313,
              33.4506329274243
            ],
            [
              -112.07047443456183,
              33.45152313336465
            ],
            [
              -112.07154624236308,
              33.45151387455397
            ],
            [
              -112.0715352934379,
              33.450623668924614
            ]
          ]
        ]
      }
    },
    {
      "id": "242",
      "type": "Feature",
      "properties": {
        "tile_id": 242,
        "average_temperature": 36.1269,
        "min_temperature": 29.5601,
        "max_temperature": 40.4714
      },
      "geometry": {
        "type": "Polygon",
        "coordinates": [
          [
            [
              -112.07046349658313,
              33.4506329274243
            ],
            [
              -112.06939169923868,
              33.450642176661916
            ],
            [
              -112.06940262627084,
              33.45153238291295
            ],
            [
              -112.07047443456183,
              33.45152313336465
            ],
            [
              -112.07046349658313,
              33.4506329274243
            ]
          ]
        ]
      }
    },
    {
      "id": "243",
      "type": "Feature",
      "properties": {
        "tile_id": 243,
        "average_temperature": 36.1576,
        "min_temperature": 29.6239,
        "max_temperature": 40.4679
      },
      "geometry": {
        "type": "Polygon",
        "coordinates": [
          [
            [
              -112.06939169923868,
              33.450642176661916
            ],
            [
              -112.06831990140505,
              33.45065141663743
            ],
            [
              -112.06833081749068,
              33.45154162319886
            ],
            [
              -112.06940262627084,
              33.45153238291295
            ],
            [
              -112.06939169923868,
              33.450642176661916
            ]
          ]
        ]
      }
    },
    {
      "id": "244",
      "type": "Feature",
      "properties": {
        "tile_id": 244,
        "average_temperature": 36.1856,
        "min_temperature": 29.6821,
        "max_temperature": 40.4646
      },
      "geometry": {
        "type": "Polygon",
        "coordinates": [
          [
            [
              -112.06831990140505,
              33.45065141663743
            ],
            [
              -112.0672481030827,
              33.45066064735083
            ],
            [
              -112.06725900822177,
              33.451550854222326
            ],
            [
              -112.06833081749068,
              33.45154162319886
            ],
            [
              -112.06831990140505,
              33.45065141663743
            ]
          ]
        ]
      }
    },
    {
      "id": "245",
      "type": "Feature",
      "properties": {
        "tile_id": 245,
        "average_temperature": 36.21,
        "min_temperature": 29.7325,
        "max_temperature": 40.4618
      },
      "geometry": {
        "type": "Polygon",
        "coordinates": [
          [
            [
              -112.0672481030827,
              33.45066064735083
            ],
            [
              -112.06617630427215,
              33.45066986880211
            ],
            [
              -112.06618719846465,
              33.451560075983366
            ],
            [
              -112.06725900822177,
              33.451550854222326
            ],
            [
              -112.0672481030827,
              33.45066064735083
            ]
          ]
        ]
      }
    },
    {
      "id": "246",
      "type": "Feature",
      "properties": {
        "tile_id": 246,
        "average_temperature": 36.2295,
        "min_temperature": 29.773,
        "max_temperature": 40.4596
      },
      "geometry": {
        "type": "Polygon",
        "coordinates": [
          [
            [
              -112.06617630427215,
              33.45066986880211
            ],
            [
              -112.06510450497387,
              33.45067908099125
            ],
            [
              -112.06511538821978,
              33.451569288481956
            ],
            [
              -112.06618719846465,
              33.451560075983366
            ],
            [
              -112.06617630427215,
              33.45066986880211
            ]
          ]
        ]
      }
    },
    {
      "id": "247",
      "type": "Feature",
      "properties": {
        "tile_id": 247,
        "average_temperature": 35.8802,
        "min_temperature": 29.1067,
        "max_temperature": 40.5046
      },
      "geometry": {
        "type": "Polygon",
        "coordinates": [
          [
            [
              -112.08547969899367,
              33.45139266714372
            ],
            [
              -112.08440789760313,
              33.45140204636422
            ],
            [
              -112.08441897837169,
              33.45229224810602
            ],
            [
              -112.08549079070895,
              33.452282868570464
            ],
            [
              -112.08547969899367,
              33.45139266714372
            ]
          ]
        ]
      }
    },
    {
      "id": "248",
      "type": "Feature",
      "properties": {
        "tile_id": 248,
        "average_temperature": 35.8729,
        "min_temperature": 29.0935,
        "max_temperature": 40.5056
      },
      "geometry": {
        "type": "Polygon",
        "coordinates": [
          [
            [
              -112.08440789760313,
              33.45140204636422
            ],
            [
              -112.0833360957165,
              33.45141141632251
            ],
            [
              -112.08334716553833,
              33.45230161837905
            ],
            [
              -112.08441897837169,
              33.45229224810602
            ],
            [
              -112.08440789760313,
              33.45140204636422
            ]
          ]
        ]
      }
    },
    {
      "id": "249",
      "type": "Feature",
      "properties": {
        "tile_id": 249,
        "average_temperature": 35.8678,
        "min_temperature": 29.0846,
        "max_temperature": 40.5063
      },
      "geometry": {
        "type": "Polygon",
        "coordinates": [
          [
            [
              -112.0833360957165,
              33.45141141632251
            ],
            [
              -112.08226429333429,
              33.451420777018576
            ],
            [
              -112.08227535220938,
              33.45231097938956
            ],
            [
              -112.08334716553833,
              33.45230161837905
            ],
            [
              -112.0833360957165,
              33.45141141632251
            ]
          ]
        ]
      }
    },
    {
      "id": "250",
      "type": "Feature",
      "properties": {
        "tile_id": 250,
        "average_temperature": 35.8655,
        "min_temperature": 29.0811,
        "max_temperature": 40.5066
      },
      "geometry": {
        "type": "Polygon",
        "coordinates": [
          [
            [
              -112.08226429333429,
              33.451420777018576
            ],
            [
              -112.08119249045701,
              33.451430128452415
            ],
            [
              -112.0812035383853,
              33.4523203311375
            ],
            [
              -112.08227535220938,
              33.45231097938956
            ],
            [
              -112.08226429333429,
              33.451420777018576
            ]
          ]
        ]
      }
    },
    {
      "id": "251",
      "type": "Feature",
      "properties": {
        "tile_id": 251,
        "average_temperature": 35.8667,
        "min_temperature": 29.0842,
        "max_temperature": 40.5065
      },
      "geometry": {
        "type": "Polygon",
        "coordinates": [
          [
            [
              -112.08119249045701,
              33.451430128452415
            ],
            [
              -112.0801206870851,
              33.451439470624
            ],
            [
              -112.08013172406662,
              33.4523296736229
            ],
            [
              -112.0812035383853,
              33.4523203311375
            ],
            [
              -112.08119249045701,
              33.451430128452415
            ]
          ]
        ]
      }
    },
    {
      "id": "252",
      "type": "Feature",
      "properties": {
        "tile_id": 252,
        "average_temperature": 35.8719,
        "min_temperature": 29.0949,
        "max_temperature": 40.5059
      },
      "geometry": {
        "type": "Polygon",
        "coordinates": [
          [
            [
              -112.0801206870851,
              33.451439470624
            ],
            [
              -112.07904888321912,
              33.45144880353332
            ],
            [
              -112.0790599092538,
              33.45233900684572
            ],
            [
              -112.08013172406662,
              33.4523296736229
            ],
            [
              -112.0801206870851,
              33.451439470624
            ]
          ]
        ]
      }
    },
    {
      "id": "253",
      "type": "Feature",
      "properties": {
        "tile_id": 253,
        "average_temperature": 35.8818,
        "min_temperature": 29.1143,
        "max_temperature": 40.5047
      },
      "geometry": {
        "type": "Polygon",
        "coordinates": [
          [
            [
              -112.07904888321912,
              33.45144880353332
            ],
            [
              -112.07797707885948,
              33.45145812718036
            ],
            [
              -112.07798809394734,
              33.45234833080593
            ],
            [
              -112.0790599092538,
              33.45233900684572
            ],
            [
              -112.07904888321912,
              33.45144880353332
            ]
          ]
        ]
      }
    },
    {
      "id": "254",
      "type": "Feature",
      "properties": {
        "tile_id": 254,
        "average_temperature": 35.897,
        "min_temperature": 29.1436,
        "max_temperature": 40.5027
      },
      "geometry": {
        "type": "Polygon",
        "coordinates": [
          [
            [
              -112.07797707885948,
              33.45145812718036
            ],
            [
              -112.0769052740067,
              33.4514674415651
            ],
            [
              -112.0769162781477,
              33.45235764550357
            ],
            [
              -112.07798809394734,
              33.45234833080593
            ],
            [
              -112.07797707885948,
              33.45145812718036
            ]
          ]
        ]
      }
    },
    {
      "id": "255",
      "type": "Feature",
      "properties": {
        "tile_id": 255,
        "average_temperature": 35.9179,
        "min_temperature": 29.1838,
        "max_temperature": 40.5001
      },
      "geometry": {
        "type": "Polygon",
        "coordinates": [
          [
            [
              -112.0769052740067,
              33.4514674415651
            ],
            [
              -112.07583346866132,
              33.451476746687554
            ],
            [
              -112.07584446185544,
              33.45236695093857
            ],
            [
              -112.0769162781477,
              33.45235764550357
            ],
            [
              -112.0769052740067,
              33.4514674415651
            ]
          ]
        ]
      }
    },
    {
      "id": "256",
      "type": "Feature",
      "properties": {
        "tile_id": 256,
        "average_temperature": 35.9442,
        "min_temperature": 29.234,
        "max_temperature": 40.4967
      },
      "geometry": {
        "type": "Polygon",
        "coordinates": [
          [
            [
              -112.07583346866132,
              33.451476746687554
            ],
            [
              -112.07476166282376,
              33.45148604254767
            ],
            [
              -112.07477264507098,
              33.45237624711094
            ],
            [
              -112.07584446185544,
              33.45236695093857
            ],
            [
              -112.07583346866132,
              33.451476746687554
            ]
          ]
        ]
      }
    },
    {
      "id": "257",
      "type": "Feature",
      "properties": {
        "tile_id": 257,
        "average_temperature": 35.9748,
        "min_temperature": 29.292,
        "max_temperature": 40.4927
      },
      "geometry": {
        "type": "Polygon",
        "coordinates": [
          [
            [
              -112.07476166282376,
              33.45148604254767
            ],
            [
              -112.07368985649454,
              33.45149532914545
            ],
            [
              -112.07370082779485,
              33.45238553402067
            ],
            [
              -112.07477264507098,
              33.45237624711094
            ],
            [
              -112.07476166282376,
              33.45148604254767
            ]
          ]
        ]
      }
    },
    {
      "id": "258",
      "type": "Feature",
      "properties": {
        "tile_id": 258,
        "average_temperature": 36.0084,
        "min_temperature": 29.3556,
        "max_temperature": 40.4884
      },
      "geometry": {
        "type": "Polygon",
        "coordinates": [
          [
            [
              -112.07368985649454,
              33.45149532914545
            ],
            [
              -112.07261804967415,
              33.451504606480896
            ],
            [
              -112.07262901002753,
              33.45239481166774
            ],
            [
              -112.07370082779485,
              33.45238553402067
            ],
            [
              -112.07368985649454,
              33.45149532914545
            ]
          ]
        ]
      }
    },
    {
      "id": "259",
      "type": "Feature",
      "properties": {
        "tile_id": 259,
        "average_temperature": 36.044,
        "min_temperature": 29.4227,
        "max_temperature": 40.4838
      },
      "geometry": {
        "type": "Polygon",
        "coordinates": [
          [
            [
              -112.07261804967415,
              33.451504606480896
            ],
            [
              -112.07154624236308,
              33.45151387455397
            ],
            [
              -112.0715571917695,
              33.45240408005213
            ],
            [
              -112.07262901002753,
              33.45239481166774
            ],
            [
              -112.07261804967415,
              33.451504606480896
            ]
          ]
        ]
      }
    },
    {
      "id": "260",
      "type": "Feature",
      "properties": {
        "tile_id": 260,
        "average_temperature": 36.0802,
        "min_temperature": 29.4908,
        "max_temperature": 40.479
      },
      "geometry": {
        "type": "Polygon",
        "coordinates": [
          [
            [
              -112.07154624236308,
              33.45151387455397
            ],
            [
              -112.07047443456183,
              33.45152313336465
            ],
            [
              -112.07048537302126,
              33.45241333917384
            ],
            [
              -112.0715571917695,
              33.45240408005213
            ],
            [
              -112.07154624236308,
              33.45151387455397
            ]
          ]
        ]
      }
    },
    {
      "id": "261",
      "type": "Feature",
      "properties": {
        "tile_id": 261,
        "average_temperature": 36.1159,
        "min_temperature": 29.558,
        "max_temperature": 40.4744
      },
      "geometry": {
        "type": "Polygon",
        "coordinates": [
          [
            [
              -112.07047443456183,
              33.45152313336465
            ],
            [
              -112.06940262627084,
              33.45153238291295
            ],
            [
              -112.06941355378329,
              33.452422589032835
            ],
            [
              -112.07048537302126,
              33.45241333917384
            ],
            [
              -112.07047443456183,
              33.45152313336465
            ]
          ]
        ]
      }
    },
    {
      "id": "262",
      "type": "Feature",
      "properties": {
        "tile_id": 262,
        "average_temperature": 36.1499,
        "min_temperature": 29.6217,
        "max_temperature": 40.4699
      },
      "geometry": {
        "type": "Polygon",
        "coordinates": [
          [
            [
              -112.06940262627084,
              33.45153238291295
            ],
            [
              -112.06833081749068,
              33.45154162319886
            ],
            [
              -112.06834173405609,
              33.45243182962912
            ],
            [
              -112.06941355378329,
              33.452422589032835
            ],
            [
              -112.06940262627084,
              33.45153238291295
            ]
          ]
        ]
      }
    },
    {
      "id": "263",
      "type": "Feature",
      "properties": {
        "tile_id": 263,
        "average_temperature": 36.1811,
        "min_temperature": 29.68,
        "max_temperature": 40.4658
      },
      "geometry": {
        "type": "Polygon",
        "coordinates": [
          [
            [
              -112.06833081749068,
              33.45154162319886
            ],
            [
              -112.06725900822177,
              33.451550854222326
            ],
            [
              -112.06726991384015,
              33.452441060962656
            ],
            [
              -112.06834173405609,
              33.45243182962912
            ],
            [
              -112.06833081749068,
              33.45154162319886
            ]
          ]
        ]
      }
    },
    {
      "id": "264",
      "type": "Feature",
      "properties": {
        "tile_id": 264,
        "average_temperature": 36.2081,
        "min_temperature": 29.7305,
        "max_temperature": 40.4623
      },
      "geometry": {
        "type": "Polygon",
        "coordinates": [
          [
            [
              -112.06725900822177,
              33.451550854222326
            ],
            [
              -112.06618719846465,
              33.451560075983366
            ],
            [
              -112.06619809313595,
              33.452450283033464
            ],
            [
              -112.06726991384015,
              33.452441060962656
            ],
            [
              -112.06725900822177,
              33.451550854222326
            ]
          ]
        ]
      }
    },
    {
      "id": "265",
      "type": "Feature",
      "properties": {
        "tile_id": 265,
        "average_temperature": 36.2299,
        "min_temperature": 29.7711,
        "max_temperature": 40.4594
      },
      "geometry": {
        "type": "Polygon",
        "coordinates": [
          [
            [
              -112.06618719846465,
              33.451560075983366
            ],
            [
              -112.06511538821978,
              33.451569288481956
            ],
            [
              -112.06512627194401,
              33.4524594958415
            ],
            [
              -112.06619809313595,
              33.452450283033464
            ],
            [
              -112.06618719846465,
              33.451560075983366
            ]
          ]
        ]
      }
    },
    {
      "id": "266",
      "type": "Feature",
      "properties": {
        "tile_id": 266,
        "average_temperature": 35.8398,
        "min_temperature": 29.1051,
        "max_temperature": 40.516
      },
      "geometry": {
        "type": "Polygon",
        "coordinates": [
          [
            [
              -112.08549079070895,
              33.452282868570464
            ],
            [
              -112.08441897837169,
              33.45229224810602
            ],
            [
              -112.08443005962727,
              33.45318244971657
            ],
            [
              -112.08550188291173,
              33.453173069865954
            ],
            [
              -112.08549079070895,
              33.452282868570464
            ]
          ]
        ]
      }
    },
    {
      "id": "267",
      "type": "Feature",
      "properties": {
        "tile_id": 267,
        "average_temperature": 35.8315,
        "min_temperature": 29.0918,
        "max_temperature": 40.5173
      },
      "geometry": {
        "type": "Polygon",
        "coordinates": [
          [
            [
              -112.08441897837169,
              33.45229224810602
            ],
            [
              -112.08334716553833,
              33.45230161837905
            ],
            [
              -112.0833582358467,
              33.45319182030434
            ],
            [
              -112.08443005962727,
              33.45318244971657
            ],
            [
              -112.08441897837169,
              33.45229224810602
            ]
          ]
        ]
      }
    },
    {
      "id": "268",
      "type": "Feature",
      "properties": {
        "tile_id": 268,
        "average_temperature": 35.8258,
        "min_temperature": 29.0829,
        "max_temperature": 40.5181
      },
      "geometry": {
        "type": "Polygon",
        "coordinates": [
          [
            [
              -112.08334716553833,
              33.45230161837905
            ],
            [
              -112.08227535220938,
              33.45231097938956
            ],
            [
              -112.0822864115705,
              33.45320118162928
            ],
            [
              -112.0833582358467,
              33.45319182030434
            ],
            [
              -112.08334716553833,
              33.45230161837905
            ]
          ]
        ]
      }
    },
    {
      "id": "269",
      "type": "Feature",
      "properties": {
        "tile_id": 269,
        "average_temperature": 35.8232,
        "min_temperature": 29.0793,
        "max_temperature": 40.5185
      },
      "geometry": {
        "type": "Polygon",
        "coordinates": [
          [
            [
              -112.08227535220938,
              33.45231097938956
            ],
            [
              -112.0812035383853,
              33.4523203311375
            ],
            [
              -112.08121458679918,
              33.453210533691355
            ],
            [
              -112.0822864115705,
              33.45320118162928
            ],
            [
              -112.08227535220938,
              33.45231097938956
            ]
          ]
        ]
      }
    },
    {
      "id": "270",
      "type": "Feature",
      "properties": {
        "tile_id": 270,
        "average_temperature": 35.8244,
        "min_temperature": 29.0823,
        "max_temperature": 40.5184
      },
      "geometry": {
        "type": "Polygon",
        "coordinates": [
          [
            [
              -112.0812035383853,
              33.4523203311375
            ],
            [
              -112.08013172406662,
              33.4523296736229
            ],
            [
              -112.08014276153321,
              33.45321987649056
            ],
            [
              -112.08121458679918,
              33.453210533691355
            ],
            [
              -112.0812035383853,
              33.4523203311375
            ]
          ]
        ]
      }
    },
    {
      "id": "271",
      "type": "Feature",
      "properties": {
        "tile_id": 271,
        "average_temperature": 35.8302,
        "min_temperature": 29.0929,
        "max_temperature": 40.5176
      },
      "geometry": {
        "type": "Polygon",
        "coordinates": [
          [
            [
              -112.08013172406662,
              33.4523296736229
            ],
            [
              -112.0790599092538,
              33.45233900684572
            ],
            [
              -112.07907093577309,
              33.453229210026876
            ],
            [
              -112.08014276153321,
              33.45321987649056
            ],
            [
              -112.08013172406662,
              33.4523296736229
            ]
          ]
        ]
      }
    },
    {
      "id": "272",
      "type": "Feature",
      "properties": {
        "tile_id": 272,
        "average_temperature": 35.8412,
        "min_temperature": 29.1122,
        "max_temperature": 40.516
      },
      "geometry": {
        "type": "Polygon",
        "coordinates": [
          [
            [
              -112.0790599092538,
              33.45233900684572
            ],
            [
              -112.07798809394734,
              33.45234833080593
            ],
            [
              -112.07799910951931,
              33.45323853430031
            ],
            [
              -112.07907093577309,
              33.453229210026876
            ],
            [
              -112.0790599092538,
              33.45233900684572
            ]
          ]
        ]
      }
    },
    {
      "id": "273",
      "type": "Feature",
      "properties": {
        "tile_id": 273,
        "average_temperature": 35.8581,
        "min_temperature": 29.1414,
        "max_temperature": 40.5136
      },
      "geometry": {
        "type": "Polygon",
        "coordinates": [
          [
            [
              -112.07798809394734,
              33.45234833080593
            ],
            [
              -112.0769162781477,
              33.45235764550357
            ],
            [
              -112.07692728277236,
              33.453247849310806
            ],
            [
              -112.07799910951931,
              33.45323853430031
            ],
            [
              -112.07798809394734,
              33.45234833080593
            ]
          ]
        ]
      }
    },
    {
      "id": "274",
      "type": "Feature",
      "properties": {
        "tile_id": 274,
        "average_temperature": 35.8814,
        "min_temperature": 29.1815,
        "max_temperature": 40.5103
      },
      "geometry": {
        "type": "Polygon",
        "coordinates": [
          [
            [
              -112.0769162781477,
              33.45235764550357
            ],
            [
              -112.07584446185544,
              33.45236695093857
            ],
            [
              -112.07585545553273,
              33.45325715505838
            ],
            [
              -112.07692728277236,
              33.453247849310806
            ],
            [
              -112.0769162781477,
              33.45235764550357
            ]
          ]
        ]
      }
    },
    {
      "id": "275",
      "type": "Feature",
      "properties": {
        "tile_id": 275,
        "average_temperature": 35.9108,
        "min_temperature": 29.2316,
        "max_temperature": 40.506
      },
      "geometry": {
        "type": "Polygon",
        "coordinates": [
          [
            [
              -112.07584446185544,
              33.45236695093857
            ],
            [
              -112.07477264507098,
              33.45237624711094
            ],
            [
              -112.0747836278009,
              33.453266451543016
            ],
            [
              -112.07585545553273,
              33.45325715505838
            ],
            [
              -112.07584446185544,
              33.45236695093857
            ]
          ]
        ]
      }
    },
    {
      "id": "276",
      "type": "Feature",
      "properties": {
        "tile_id": 276,
        "average_temperature": 35.9449,
        "min_temperature": 29.2896,
        "max_temperature": 40.501
      },
      "geometry": {
        "type": "Polygon",
        "coordinates": [
          [
            [
              -112.07477264507098,
              33.45237624711094
            ],
            [
              -112.07370082779485,
              33.45238553402067
            ],
            [
              -112.07371179957735,
              33.45327573876469
            ],
            [
              -112.0747836278009,
              33.453266451543016
            ],
            [
              -112.07477264507098,
              33.45237624711094
            ]
          ]
        ]
      }
    },
    {
      "id": "277",
      "type": "Feature",
      "properties": {
        "tile_id": 277,
        "average_temperature": 35.9825,
        "min_temperature": 29.3532,
        "max_temperature": 40.4956
      },
      "geometry": {
        "type": "Polygon",
        "coordinates": [
          [
            [
              -112.07370082779485,
              33.45238553402067
            ],
            [
              -112.07262901002753,
              33.45239481166774
            ],
            [
              -112.07263997086261,
              33.453285016723385
            ],
            [
              -112.07371179957735,
              33.45327573876469
            ],
            [
              -112.07370082779485,
              33.45238553402067
            ]
          ]
        ]
      }
    },
    {
      "id": "278",
      "type": "Feature",
      "properties": {
        "tile_id": 278,
        "average_temperature": 36.0222,
        "min_temperature": 29.4202,
        "max_temperature": 40.4898
      },
      "geometry": {
        "type": "Polygon",
        "coordinates": [
          [
            [
              -112.07262901002753,
              33.45239481166774
            ],
            [
              -112.0715571917695,
              33.45240408005213
            ],
            [
              -112.07156814165715,
              33.453294285419105
            ],
            [
              -112.07263997086261,
              33.453285016723385
            ],
            [
              -112.07262901002753,
              33.45239481166774
            ]
          ]
        ]
      }
    },
    {
      "id": "279",
      "type": "Feature",
      "properties": {
        "tile_id": 279,
        "average_temperature": 36.0627,
        "min_temperature": 29.4883,
        "max_temperature": 40.4838
      },
      "geometry": {
        "type": "Polygon",
        "coordinates": [
          [
            [
              -112.0715571917695,
              33.45240408005213
            ],
            [
              -112.07048537302126,
              33.45241333917384
            ],
            [
              -112.07049631196145,
              33.45330354485182
            ],
            [
              -112.07156814165715,
              33.453294285419105
            ],
            [
              -112.0715571917695,
              33.45240408005213
            ]
          ]
        ]
      }
    },
    {
      "id": "280",
      "type": "Feature",
      "properties": {
        "tile_id": 280,
        "average_temperature": 36.1027,
        "min_temperature": 29.5555,
        "max_temperature": 40.478
      },
      "geometry": {
        "type": "Polygon",
        "coordinates": [
          [
            [
              -112.07048537302126,
              33.45241333917384
            ],
            [
              -112.06941355378329,
              33.452422589032835
            ],
            [
              -112.069424481776,
              33.45331279502153
            ],
            [
              -112.07049631196145,
              33.45330354485182
            ],
            [
              -112.07048537302126,
              33.45241333917384
            ]
          ]
        ]
      }
    },
    {
      "id": "281",
      "type": "Feature",
      "properties": {
        "tile_id": 281,
        "average_temperature": 36.1408,
        "min_temperature": 29.6193,
        "max_temperature": 40.4724
      },
      "geometry": {
        "type": "Polygon",
        "coordinates": [
          [
            [
              -112.06941355378329,
              33.452422589032835
            ],
            [
              -112.06834173405609,
              33.45243182962912
            ],
            [
              -112.0683526511013,
              33.4533220359282
            ],
            [
              -112.069424481776,
              33.45331279502153
            ],
            [
              -112.06941355378329,
              33.452422589032835
            ]
          ]
        ]
      }
    },
    {
      "id": "282",
      "type": "Feature",
      "properties": {
        "tile_id": 282,
        "average_temperature": 36.1756,
        "min_temperature": 29.6776,
        "max_temperature": 40.4673
      },
      "geometry": {
        "type": "Polygon",
        "coordinates": [
          [
            [
              -112.06834173405609,
              33.45243182962912
            ],
            [
              -112.06726991384015,
              33.452441060962656
            ],
            [
              -112.06728081993785,
              33.453331267571826
            ],
            [
              -112.0683526511013,
              33.4533220359282
            ],
            [
              -112.06834173405609,
              33.45243182962912
            ]
          ]
        ]
      }
    },
    {
      "id": "283",
      "type": "Feature",
      "properties": {
        "tile_id": 283,
        "average_temperature": 36.2059,
        "min_temperature": 29.7282,
        "max_temperature": 40.4628
      },
      "geometry": {
        "type": "Polygon",
        "coordinates": [
          [
            [
              -112.06726991384015,
              33.452441060962656
            ],
            [
              -112.06619809313595,
              33.452450283033464
            ],
            [
              -112.06620898828612,
              33.4533404899524
            ],
            [
              -112.06728081993785,
              33.453331267571826
            ],
            [
              -112.06726991384015,
              33.452441060962656
            ]
          ]
        ]
      }
    },
    {
      "id": "284",
      "type": "Feature",
      "properties": {
        "tile_id": 284,
        "average_temperature": 36.2304,
        "min_temperature": 29.7689,
        "max_temperature": 40.4592
      },
      "geometry": {
        "type": "Polygon",
        "coordinates": [
          [
            [
              -112.06619809313595,
              33.452450283033464
            ],
            [
              -112.06512627194401,
              33.4524594958415
            ],
            [
              -112.06513715614659,
              33.453349703069904
            ],
            [
              -112.06620898828612,
              33.4533404899524
            ],
            [
              -112.06619809313595,
              33.452450283033464
            ]
          ]
        ]
      }
    },
    {
      "id": "285",
      "type": "Feature",
      "properties": {
        "tile_id": 285,
        "average_temperature": 35.7961,
        "min_temperature": 29.1033,
        "max_temperature": 40.5283
      },
      "geometry": {
        "type": "Polygon",
        "coordinates": [
          [
            [
              -112.08550188291173,
              33.453173069865954
            ],
            [
              -112.08443005962727,
              33.45318244971657
            ],
            [
              -112.08444114136988,
              33.45407265119584
            ],
            [
              -112.08551297560201,
              33.45406327103016
            ],
            [
              -112.08550188291173,
              33.453173069865954
            ]
          ]
        ]
      }
    },
    {
      "id": "286",
      "type": "Feature",
      "properties": {
        "tile_id": 286,
        "average_temperature": 35.7869,
        "min_temperature": 29.09,
        "max_temperature": 40.5298
      },
      "geometry": {
        "type": "Polygon",
        "coordinates": [
          [
            [
              -112.08443005962727,
              33.45318244971657
            ],
            [
              -112.0833582358467,
              33.45319182030434
            ],
            [
              -112.08336930664161,
              33.45408202209837
            ],
            [
              -112.08444114136988,
              33.45407265119584
            ],
            [
              -112.08443005962727,
              33.45318244971657
            ]
          ]
        ]
      }
    },
    {
      "id": "287",
      "type": "Feature",
      "properties": {
        "tile_id": 287,
        "average_temperature": 35.7804,
        "min_temperature": 29.081,
        "max_temperature": 40.5309
      },
      "geometry": {
        "type": "Polygon",
        "coordinates": [
          [
            [
              -112.0833582358467,
              33.45319182030434
            ],
            [
              -112.0822864115705,
              33.45320118162928
            ],
            [
              -112.08229747141772,
              33.45409138373775
            ],
            [
              -112.08336930664161,
              33.45408202209837
            ],
            [
              -112.0833582358467,
              33.45319182030434
            ]
          ]
        ]
      }
    },
    {
      "id": "288",
      "type": "Feature",
      "properties": {
        "tile_id": 288,
        "average_temperature": 35.7776,
        "min_temperature": 29.0774,
        "max_temperature": 40.5314
      },
      "geometry": {
        "type": "Polygon",
        "coordinates": [
          [
            [
              -112.0822864115705,
              33.45320118162928
            ],
            [
              -112.08121458679918,
              33.453210533691355
            ],
            [
              -112.08122563569866,
              33.45410073611395
            ],
            [
              -112.08229747141772,
              33.45409138373775
            ],
            [
              -112.0822864115705,
              33.45320118162928
            ]
          ]
        ]
      }
    },
    {
      "id": "289",
      "type": "Feature",
      "properties": {
        "tile_id": 289,
        "average_temperature": 35.7789,
        "min_temperature": 29.0803,
        "max_temperature": 40.5312
      },
      "geometry": {
        "type": "Polygon",
        "coordinates": [
          [
            [
              -112.08121458679918,
              33.453210533691355
            ],
            [
              -112.08014276153321,
              33.45321987649056
            ],
            [
              -112.08015379948493,
              33.45411007922697
            ],
            [
              -112.08122563569866,
              33.45410073611395
            ],
            [
              -112.08121458679918,
              33.453210533691355
            ]
          ]
        ]
      }
    },
    {
      "id": "290",
      "type": "Feature",
      "properties": {
        "tile_id": 290,
        "average_temperature": 35.7854,
        "min_temperature": 29.0908,
        "max_temperature": 40.5302
      },
      "geometry": {
        "type": "Polygon",
        "coordinates": [
          [
            [
              -112.08014276153321,
              33.45321987649056
            ],
            [
              -112.07907093577309,
              33.453229210026876
            ],
            [
              -112.07908196277704,
              33.4541194130768
            ],
            [
              -112.08015379948493,
              33.45411007922697
            ],
            [
              -112.08014276153321,
              33.45321987649056
            ]
          ]
        ]
      }
    },
    {
      "id": "291",
      "type": "Feature",
      "properties": {
        "tile_id": 291,
        "average_temperature": 35.7976,
        "min_temperature": 29.1101,
        "max_temperature": 40.5282
      },
      "geometry": {
        "type": "Polygon",
        "coordinates": [
          [
            [
              -112.07907093577309,
              33.453229210026876
            ],
            [
              -112.07799910951931,
              33.45323853430031
            ],
            [
              -112.07801012557546,
              33.45412873766343
            ],
            [
              -112.07908196277704,
              33.4541194130768
            ],
            [
              -112.07907093577309,
              33.453229210026876
            ]
          ]
        ]
      }
    },
    {
      "id": "292",
      "type": "Feature",
      "properties": {
        "tile_id": 292,
        "average_temperature": 35.8163,
        "min_temperature": 29.1392,
        "max_temperature": 40.5253
      },
      "geometry": {
        "type": "Polygon",
        "coordinates": [
          [
            [
              -112.07799910951931,
              33.45323853430031
            ],
            [
              -112.07692728277236,
              33.453247849310806
            ],
            [
              -112.07693828788068,
              33.45413805298681
            ],
            [
              -112.07801012557546,
              33.45412873766343
            ],
            [
              -112.07799910951931,
              33.45323853430031
            ]
          ]
        ]
      }
    },
    {
      "id": "293",
      "type": "Feature",
      "properties": {
        "tile_id": 293,
        "average_temperature": 35.8422,
        "min_temperature": 29.1791,
        "max_temperature": 40.5212
      },
      "geometry": {
        "type": "Polygon",
        "coordinates": [
          [
            [
              -112.07692728277236,
              33.453247849310806
            ],
            [
              -112.07585545553273,
              33.45325715505838
            ],
            [
              -112.07586644969321,
              33.45414735904697
            ],
            [
              -112.07693828788068,
              33.45413805298681
            ],
            [
              -112.07692728277236,
              33.453247849310806
            ]
          ]
        ]
      }
    },
    {
      "id": "294",
      "type": "Feature",
      "properties": {
        "tile_id": 294,
        "average_temperature": 35.8749,
        "min_temperature": 29.2291,
        "max_temperature": 40.516
      },
      "geometry": {
        "type": "Polygon",
        "coordinates": [
          [
            [
              -112.07585545553273,
              33.45325715505838
            ],
            [
              -112.0747836278009,
              33.453266451543016
            ],
            [
              -112.07479461101352,
              33.454156655843875
            ],
            [
              -112.07586644969321,
              33.45414735904697
            ],
            [
              -112.07585545553273,
              33.45325715505838
            ]
          ]
        ]
      }
    },
    {
      "id": "295",
      "type": "Feature",
      "properties": {
        "tile_id": 295,
        "average_temperature": 35.9129,
        "min_temperature": 29.287,
        "max_temperature": 40.5099
      },
      "geometry": {
        "type": "Polygon",
        "coordinates": [
          [
            [
              -112.0747836278009,
              33.453266451543016
            ],
            [
              -112.07371179957735,
              33.45327573876469
            ],
            [
              -112.0737227718421,
              33.45416594337749
            ],
            [
              -112.07479461101352,
              33.454156655843875
            ],
            [
              -112.0747836278009,
              33.453266451543016
            ]
          ]
        ]
      }
    },
    {
      "id": "296",
      "type": "Feature",
      "properties": {
        "tile_id": 296,
        "average_temperature": 35.9547,
        "min_temperature": 29.3506,
        "max_temperature": 40.5033
      },
      "geometry": {
        "type": "Polygon",
        "coordinates": [
          [
            [
              -112.07371179957735,
              33.45327573876469
            ],
            [
              -112.07263997086261,
              33.453285016723385
            ],
            [
              -112.07265093217946,
              33.454175221647844
            ],
            [
              -112.0737227718421,
              33.45416594337749
            ],
            [
              -112.07371179957735,
              33.45327573876469
            ]
          ]
        ]
      }
    },
    {
      "id": "297",
      "type": "Feature",
      "properties": {
        "tile_id": 297,
        "average_temperature": 35.9989,
        "min_temperature": 29.4175,
        "max_temperature": 40.4962
      },
      "geometry": {
        "type": "Polygon",
        "coordinates": [
          [
            [
              -112.07263997086261,
              33.453285016723385
            ],
            [
              -112.07156814165715,
              33.453294285419105
            ],
            [
              -112.07157909202607,
              33.454184490654896
            ],
            [
              -112.07265093217946,
              33.454175221647844
            ],
            [
              -112.07263997086261,
              33.453285016723385
            ]
          ]
        ]
      }
    },
    {
      "id": "298",
      "type": "Feature",
      "properties": {
        "tile_id": 298,
        "average_temperature": 36.044,
        "min_temperature": 29.4857,
        "max_temperature": 40.489
      },
      "geometry": {
        "type": "Polygon",
        "coordinates": [
          [
            [
              -112.07156814165715,
              33.453294285419105
            ],
            [
              -112.07049631196145,
              33.45330354485182
            ],
            [
              -112.07050725138242,
              33.45419375039863
            ],
            [
              -112.07157909202607,
              33.454184490654896
            ],
            [
              -112.07156814165715,
              33.453294285419105
            ]
          ]
        ]
      }
    },
    {
      "id": "299",
      "type": "Feature",
      "properties": {
        "tile_id": 299,
        "average_temperature": 36.0885,
        "min_temperature": 29.5529,
        "max_temperature": 40.4818
      },
      "geometry": {
        "type": "Polygon",
        "coordinates": [
          [
            [
              -112.07049631196145,
              33.45330354485182
            ],
            [
              -112.069424481776,
              33.45331279502153
            ],
            [
              -112.06943541024901,
              33.45420300087904
            ],
            [
              -112.07050725138242,
              33.45419375039863
            ],
            [
              -112.07049631196145,
              33.45330354485182
            ]
          ]
        ]
      }
    },
    {
      "id": "300",
      "type": "Feature",
      "properties": {
        "tile_id": 300,
        "average_temperature": 36.1309,
        "min_temperature": 29.6167,
        "max_temperature": 40.475
      },
      "geometry": {
        "type": "Polygon",
        "coordinates": [
          [
            [
              -112.069424481776,
              33.45331279502153
            ],
            [
              -112.0683526511013,
              33.4533220359282
            ],
            [
              -112.06836356862634,
              33.45421224209611
            ],
            [
              -112.06943541024901,
              33.45420300087904
            ],
            [
              -112.069424481776,
              33.45331279502153
            ]
          ]
        ]
      }
    },
    {
      "id": "301",
      "type": "Feature",
      "properties": {
        "tile_id": 301,
        "average_temperature": 36.1698,
        "min_temperature": 29.6751,
        "max_temperature": 40.4688
      },
      "geometry": {
        "type": "Polygon",
        "coordinates": [
          [
            [
              -112.0683526511013,
              33.4533220359282
            ],
            [
              -112.06728081993785,
              33.453331267571826
            ],
            [
              -112.06729172651488,
              33.454221474049824
            ],
            [
              -112.06836356862634,
              33.45421224209611
            ],
            [
              -112.0683526511013,
              33.4533220359282
            ]
          ]
        ]
      }
    },
    {
      "id": "302",
      "type": "Feature",
      "properties": {
        "tile_id": 302,
        "average_temperature": 36.2035,
        "min_temperature": 29.7258,
        "max_temperature": 40.4633
      },
      "geometry": {
        "type": "Polygon",
        "coordinates": [
          [
            [
              -112.06728081993785,
              33.453331267571826
            ],
            [
              -112.06620898828612,
              33.4533404899524
            ],
            [
              -112.06621988391512,
              33.454230696740176
            ],
            [
              -112.06729172651488,
              33.454221474049824
            ],
            [
              -112.06728081993785,
              33.453331267571826
            ]
          ]
        ]
      }
    },
    {
      "id": "303",
      "type": "Feature",
      "properties": {
        "tile_id": 303,
        "average_temperature": 36.2308,
        "min_temperature": 29.7666,
        "max_temperature": 40.4589
      },
      "geometry": {
        "type": "Polygon",
        "coordinates": [
          [
            [
              -112.06620898828612,
              33.4533404899524
            ],
            [
              -112.06513715614659,
              33.453349703069904
            ],
            [
              -112.06514804082757,
              33.454239910167146
            ],
            [
              -112.06621988391512,
              33.454230696740176
            ],
            [
              -112.06620898828612,
              33.4533404899524
            ]
          ]
        ]
      }
    },
    {
      "id": "304",
      "type": "Feature",
      "properties": {
        "tile_id": 304,
        "average_temperature": 35.7532,
        "min_temperature": 29.1016,
        "max_temperature": 40.5404
      },
      "geometry": {
        "type": "Polygon",
        "coordinates": [
          [
            [
              -112.08551297560201,
              33.45406327103016
            ],
            [
              -112.08444114136988,
              33.45407265119584
            ],
            [
              -112.08445222359956,
              33.454962852543844
            ],
            [
              -112.08552406877985,
              33.4549534720631
            ],
            [
              -112.08551297560201,
              33.45406327103016
            ]
          ]
        ]
      }
    },
    {
      "id": "305",
      "type": "Feature",
      "properties": {
        "tile_id": 305,
        "average_temperature": 35.7431,
        "min_temperature": 29.0883,
        "max_temperature": 40.5421
      },
      "geometry": {
        "type": "Polygon",
        "coordinates": [
          [
            [
              -112.08444114136988,
              33.45407265119584
            ],
            [
              -112.08336930664161,
              33.45408202209837
            ],
            [
              -112.08338037792312,
              33.45497222376114
            ],
            [
              -112.08445222359956,
              33.454962852543844
            ],
            [
              -112.08444114136988,
              33.45407265119584
            ]
          ]
        ]
      }
    },
    {
      "id": "306",
      "type": "Feature",
      "properties": {
        "tile_id": 306,
        "average_temperature": 35.7361,
        "min_temperature": 29.0792,
        "max_temperature": 40.5433
      },
      "geometry": {
        "type": "Polygon",
        "coordinates": [
          [
            [
              -112.08336930664161,
              33.45408202209837
            ],
            [
              -112.08229747141772,
              33.45409138373775
            ],
            [
              -112.08230853175101,
              33.45498158571496
            ],
            [
              -112.08338037792312,
              33.45497222376114
            ],
            [
              -112.08336930664161,
              33.45408202209837
            ]
          ]
        ]
      }
    },
    {
      "id": "307",
      "type": "Feature",
      "properties": {
        "tile_id": 307,
        "average_temperature": 35.7329,
        "min_temperature": 29.0755,
        "max_temperature": 40.5439
      },
      "geometry": {
        "type": "Polygon",
        "coordinates": [
          [
            [
              -112.08229747141772,
              33.45409138373775
            ],
            [
              -112.08122563569866,
              33.45410073611395
            ],
            [
              -112.08123668508374,
              33.45499093840531
            ],
            [
              -112.08230853175101,
              33.45498158571496
            ],
            [
              -112.08229747141772,
              33.45409138373775
            ]
          ]
        ]
      }
    },
    {
      "id": "308",
      "type": "Feature",
      "properties": {
        "tile_id": 308,
        "average_temperature": 35.7345,
        "min_temperature": 29.0784,
        "max_temperature": 40.5436
      },
      "geometry": {
        "type": "Polygon",
        "coordinates": [
          [
            [
              -112.08122563569866,
              33.45410073611395
            ],
            [
              -112.08015379948493,
              33.45411007922697
            ],
            [
              -112.08016483792177,
              33.45500028183217
            ],
            [
              -112.08123668508374,
              33.45499093840531
            ],
            [
              -112.08122563569866,
              33.45410073611395
            ]
          ]
        ]
      }
    },
    {
      "id": "309",
      "type": "Feature",
      "properties": {
        "tile_id": 309,
        "average_temperature": 35.7416,
        "min_temperature": 29.0888,
        "max_temperature": 40.5424
      },
      "geometry": {
        "type": "Polygon",
        "coordinates": [
          [
            [
              -112.08015379948493,
              33.45411007922697
            ],
            [
              -112.07908196277704,
              33.4541194130768
            ],
            [
              -112.07909299026562,
              33.45500961599551
            ],
            [
              -112.08016483792177,
              33.45500028183217
            ],
            [
              -112.08015379948493,
              33.45411007922697
            ]
          ]
        ]
      }
    },
    {
      "id": "310",
      "type": "Feature",
      "properties": {
        "tile_id": 310,
        "average_temperature": 35.755,
        "min_temperature": 29.1079,
        "max_temperature": 40.5402
      },
      "geometry": {
        "type": "Polygon",
        "coordinates": [
          [
            [
              -112.07908196277704,
              33.4541194130768
            ],
            [
              -112.07801012557546,
              33.45412873766343
            ],
            [
              -112.07802114211576,
              33.45501894089533
            ],
            [
              -112.07909299026562,
              33.45500961599551
            ],
            [
              -112.07908196277704,
              33.4541194130768
            ]
          ]
        ]
      }
    },
    {
      "id": "311",
      "type": "Feature",
      "properties": {
        "tile_id": 311,
        "average_temperature": 35.7756,
        "min_temperature": 29.1369,
        "max_temperature": 40.5367
      },
      "geometry": {
        "type": "Polygon",
        "coordinates": [
          [
            [
              -112.07801012557546,
              33.45412873766343
            ],
            [
              -112.07693828788068,
              33.45413805298681
            ],
            [
              -112.0769492934727,
              33.45502825653162
            ],
            [
              -112.07802114211576,
              33.45501894089533
            ],
            [
              -112.07801012557546,
              33.45412873766343
            ]
          ]
        ]
      }
    },
    {
      "id": "312",
      "type": "Feature",
      "properties": {
        "tile_id": 312,
        "average_temperature": 35.8041,
        "min_temperature": 29.1768,
        "max_temperature": 40.5318
      },
      "geometry": {
        "type": "Polygon",
        "coordinates": [
          [
            [
              -112.07693828788068,
              33.45413805298681
            ],
            [
              -112.07586644969321,
              33.45414735904697
            ],
            [
              -112.0758774443369,
              33.45503756290436
            ],
            [
              -112.0769492934727,
              33.45502825653162
            ],
            [
              -112.07693828788068,
              33.45413805298681
            ]
          ]
        ]
      }
    },
    {
      "id": "313",
      "type": "Feature",
      "properties": {
        "tile_id": 313,
        "average_temperature": 35.84,
        "min_temperature": 29.2267,
        "max_temperature": 40.5257
      },
      "geometry": {
        "type": "Polygon",
        "coordinates": [
          [
            [
              -112.07586644969321,
              33.45414735904697
            ],
            [
              -112.07479461101352,
              33.454156655843875
            ],
            [
              -112.07480559470886,
              33.455046860013525
            ],
            [
              -112.0758774443369,
              33.45503756290436
            ],
            [
              -112.07586644969321,
              33.45414735904697
            ]
          ]
        ]
      }
    },
    {
      "id": "314",
      "type": "Feature",
      "properties": {
        "tile_id": 314,
        "average_temperature": 35.8817,
        "min_temperature": 29.2845,
        "max_temperature": 40.5186
      },
      "geometry": {
        "type": "Polygon",
        "coordinates": [
          [
            [
              -112.07479461101352,
              33.454156655843875
            ],
            [
              -112.0737227718421,
              33.45416594337749
            ],
            [
              -112.07373374458909,
              33.4550561478591
            ],
            [
              -112.07480559470886,
              33.455046860013525
            ],
            [
              -112.07479461101352,
              33.454156655843875
            ]
          ]
        ]
      }
    },
    {
      "id": "315",
      "type": "Feature",
      "properties": {
        "tile_id": 315,
        "average_temperature": 35.9277,
        "min_temperature": 29.348,
        "max_temperature": 40.5107
      },
      "geometry": {
        "type": "Polygon",
        "coordinates": [
          [
            [
              -112.0737227718421,
              33.45416594337749
            ],
            [
              -112.07265093217946,
              33.454175221647844
            ],
            [
              -112.07266189397806,
              33.4550654264411
            ],
            [
              -112.07373374458909,
              33.4550561478591
            ],
            [
              -112.0737227718421,
              33.45416594337749
            ]
          ]
        ]
      }
    },
    {
      "id": "316",
      "type": "Feature",
      "properties": {
        "tile_id": 316,
        "average_temperature": 35.9762,
        "min_temperature": 29.415,
        "max_temperature": 40.5024
      },
      "geometry": {
        "type": "Polygon",
        "coordinates": [
          [
            [
              -112.07265093217946,
              33.454175221647844
            ],
            [
              -112.07157909202607,
              33.454184490654896
            ],
            [
              -112.07159004287627,
              33.45507469575949
            ],
            [
              -112.07266189397806,
              33.4550654264411
            ],
            [
              -112.07265093217946,
              33.454175221647844
            ]
          ]
        ]
      }
    },
    {
      "id": "317",
      "type": "Feature",
      "properties": {
        "tile_id": 317,
        "average_temperature": 36.0258,
        "min_temperature": 29.4832,
        "max_temperature": 40.494
      },
      "geometry": {
        "type": "Polygon",
        "coordinates": [
          [
            [
              -112.07157909202607,
              33.454184490654896
            ],
            [
              -112.07050725138242,
              33.45419375039863
            ],
            [
              -112.07051819128421,
              33.45508395581425
            ],
            [
              -112.07159004287627,
              33.45507469575949
            ],
            [
              -112.07157909202607,
              33.454184490654896
            ]
          ]
        ]
      }
    },
    {
      "id": "318",
      "type": "Feature",
      "properties": {
        "tile_id": 318,
        "average_temperature": 36.0747,
        "min_temperature": 29.5503,
        "max_temperature": 40.4856
      },
      "geometry": {
        "type": "Polygon",
        "coordinates": [
          [
            [
              -112.07050725138242,
              33.45419375039863
            ],
            [
              -112.06943541024901,
              33.45420300087904
            ],
            [
              -112.06944633920236,
              33.45509320660538
            ],
            [
              -112.07051819128421,
              33.45508395581425
            ],
            [
              -112.07050725138242,
              33.45419375039863
            ]
          ]
        ]
      }
    },
    {
      "id": "319",
      "type": "Feature",
      "properties": {
        "tile_id": 319,
        "average_temperature": 36.1213,
        "min_temperature": 29.6143,
        "max_temperature": 40.4776
      },
      "geometry": {
        "type": "Polygon",
        "coordinates": [
          [
            [
              -112.06943541024901,
              33.45420300087904
            ],
            [
              -112.06836356862634,
              33.45421224209611
            ],
            [
              -112.06837448663123,
              33.455102448132855
            ],
            [
              -112.06944633920236,
              33.45509320660538
            ],
            [
              -112.06943541024901,
              33.45420300087904
            ]
          ]
        ]
      }
    },
    {
      "id": "320",
      "type": "Feature",
      "properties": {
        "tile_id": 320,
        "average_temperature": 36.164,
        "min_temperature": 29.6727,
        "max_temperature": 40.4703
      },
      "geometry": {
        "type": "Polygon",
        "coordinates": [
          [
            [
              -112.06836356862634,
              33.45421224209611
            ],
            [
              -112.06729172651488,
              33.454221474049824
            ],
            [
              -112.06730263357129,
              33.45511168039667
            ],
            [
              -112.06837448663123,
              33.455102448132855
            ],
            [
              -112.06836356862634,
              33.45421224209611
            ]
          ]
        ]
      }
    },
    {
      "id": "321",
      "type": "Feature",
      "properties": {
        "tile_id": 321,
        "average_temperature": 36.2012,
        "min_temperature": 29.7235,
        "max_temperature": 40.4639
      },
      "geometry": {
        "type": "Polygon",
        "coordinates": [
          [
            [
              -112.06729172651488,
              33.454221474049824
            ],
            [
              -112.06621988391512,
              33.454230696740176
            ],
            [
              -112.06623078002302,
              33.4551209033968
            ],
            [
              -112.06730263357129,
              33.45511168039667
            ],
            [
              -112.06729172651488,
              33.454221474049824
            ]
          ]
        ]
      }
    },
    {
      "id": "322",
      "type": "Feature",
      "properties": {
        "tile_id": 322,
        "average_temperature": 36.2311,
        "min_temperature": 29.7644,
        "max_temperature": 40.4587
      },
      "geometry": {
        "type": "Polygon",
        "coordinates": [
          [
            [
              -112.06621988391512,
              33.454230696740176
            ],
            [
              -112.06514804082757,
              33.454239910167146
            ],
            [
              -112.06515892598694,
              33.455130117133244
            ],
            [
              -112.06623078002302,
              33.4551209033968
            ],
            [
              -112.06621988391512,
              33.454230696740176
            ]
          ]
        ]
      }
    }
  ]
}